1087.854 ,1127.061 ,1256.239 ,1301.559 ,1339.132 ,1445.877 ,1580.366 ,1609.410 ,1657.583 ,1.077 ,1.047 ,1.180 ,1.263 ,1.214 ,1.468 ,1.036 ,1.414 ,
1090.431 ,1127.061 ,1256.239 ,1304.070 ,1336.633 ,1448.342 ,1582.791 ,1614.241 ,1657.583 ,0.802 ,0.810 ,0.890 ,0.946 ,0.942 ,1.022 ,1.001 ,1.098 ,
1080.116 ,1127.061 ,1256.239 ,1301.559 ,1334.133 ,1445.877 ,1580.366 ,1614.241 ,1659.983 ,0.777 ,0.792 ,0.858 ,0.900 ,0.901 ,0.994 ,1.001 ,1.073 ,
1087.854 ,1127.061 ,1256.239 ,1301.559 ,1336.633 ,1445.877 ,1580.366 ,1611.826 ,1657.583 ,0.981 ,0.979 ,1.014 ,1.066 ,1.054 ,1.125 ,0.984 ,1.132 ,
1080.116 ,1127.061 ,1256.239 ,1304.070 ,1339.132 ,1445.877 ,1580.366 ,1611.826 ,1657.583 ,0.857 ,0.881 ,0.934 ,0.990 ,0.967 ,1.083 ,0.984 ,1.079 ,
1080.116 ,1127.061 ,1256.239 ,1304.070 ,1334.133 ,1445.877 ,1580.366 ,1614.241 ,1657.583 ,0.849 ,0.873 ,0.948 ,1.006 ,0.992 ,1.072 ,0.965 ,1.117 ,
1087.854 ,1127.061 ,1256.239 ,1301.559 ,1339.132 ,1445.877 ,1580.366 ,1611.826 ,1657.583 ,0.902 ,0.909 ,0.951 ,1.019 ,0.988 ,1.068 ,0.958 ,1.074 ,
1080.116 ,1127.061 ,1256.239 ,1304.070 ,1334.133 ,1448.342 ,1580.366 ,1614.241 ,1657.583 ,0.866 ,0.860 ,0.966 ,1.071 ,0.998 ,1.242 ,0.992 ,1.257 ,
1082.696 ,1127.061 ,1256.239 ,1301.559 ,1336.633 ,1448.342 ,1580.366 ,1614.241 ,1657.583 ,1.097 ,1.049 ,1.276 ,1.381 ,1.338 ,1.633 ,1.005 ,1.567 ,
1080.116 ,1127.061 ,1256.239 ,1301.559 ,1336.633 ,1445.877 ,1580.366 ,1611.826 ,1657.583 ,1.004 ,0.980 ,1.167 ,1.289 ,1.244 ,1.490 ,1.001 ,1.485 ,
1082.696 ,1127.061 ,1256.239 ,1304.070 ,1336.633 ,1445.877 ,1580.366 ,1614.241 ,1657.583 ,0.749 ,0.768 ,0.856 ,0.900 ,0.918 ,0.990 ,0.995 ,1.079 ,
1082.696 ,1126.432 ,1256.239 ,1304.070 ,1336.633 ,1445.877 ,1582.791 ,1611.826 ,1657.583 ,0.953 ,0.954 ,0.969 ,0.985 ,0.981 ,1.023 ,0.977 ,1.033 ,
1080.116 ,1126.432 ,1256.239 ,1301.559 ,1334.133 ,1445.877 ,1582.791 ,1611.826 ,1657.583 ,0.879 ,0.891 ,0.926 ,0.961 ,0.962 ,1.026 ,0.998 ,1.059 ,
1082.696 ,1126.432 ,1256.239 ,1301.559 ,1334.133 ,1448.342 ,1582.791 ,1611.826 ,1657.583 ,1.009 ,0.991 ,1.004 ,1.034 ,1.034 ,1.056 ,1.002 ,1.070 ,
1087.854 ,1126.432 ,1256.239 ,1304.070 ,1336.633 ,1448.342 ,1580.366 ,1614.241 ,1657.583 ,0.970 ,0.983 ,0.988 ,1.013 ,1.015 ,1.033 ,0.983 ,1.017 ,
1085.275 ,1126.432 ,1256.239 ,1304.070 ,1339.132 ,1445.877 ,1580.366 ,1611.826 ,1657.583 ,0.976 ,0.979 ,0.992 ,1.034 ,1.013 ,1.085 ,0.974 ,1.083 ,
1080.116 ,1127.061 ,1256.239 ,1304.070 ,1336.633 ,1445.877 ,1580.366 ,1614.241 ,1657.583 ,0.935 ,0.946 ,0.967 ,1.024 ,1.006 ,1.069 ,0.972 ,1.068 ,
1082.696 ,1127.061 ,1256.239 ,1301.559 ,1336.633 ,1445.877 ,1582.791 ,1611.826 ,1657.583 ,0.999 ,1.006 ,1.020 ,1.050 ,1.036 ,1.087 ,0.980 ,1.075 ,
1080.116 ,1127.061 ,1256.239 ,1301.559 ,1334.133 ,1445.877 ,1580.366 ,1611.826 ,1657.583 ,0.982 ,0.982 ,1.004 ,1.020 ,1.010 ,1.043 ,0.997 ,1.039 ,
1087.854 ,1126.432 ,1256.239 ,1304.070 ,1334.133 ,1445.877 ,1582.791 ,1614.241 ,1657.583 ,1.000 ,0.999 ,1.011 ,1.016 ,1.015 ,1.038 ,0.992 ,1.034 ,
1080.116 ,1128.997 ,1256.239 ,1301.559 ,1331.632 ,1445.877 ,1580.366 ,1611.826 ,1657.583 ,0.965 ,0.983 ,0.995 ,1.023 ,1.017 ,1.078 ,0.976 ,1.080 ,
1090.431 ,1128.997 ,1256.239 ,1301.559 ,1336.633 ,1448.342 ,1580.366 ,1611.826 ,1657.583 ,0.983 ,0.943 ,1.084 ,1.137 ,1.148 ,1.246 ,0.970 ,1.237 ,
1080.116 ,1128.997 ,1256.239 ,1301.559 ,1336.633 ,1445.877 ,1582.791 ,1609.410 ,1657.583 ,0.985 ,0.986 ,1.021 ,1.049 ,1.028 ,1.113 ,0.984 ,1.101 ,
1080.116 ,1126.432 ,1258.764 ,1301.559 ,1341.631 ,1448.342 ,1580.366 ,1614.241 ,1657.583 ,0.936 ,0.957 ,0.970 ,1.014 ,1.012 ,1.080 ,0.968 ,1.095 ,
1085.275 ,1128.997 ,1256.239 ,1301.559 ,1339.132 ,1448.342 ,1582.791 ,1614.241 ,1657.583 ,0.987 ,0.991 ,0.994 ,1.024 ,1.019 ,1.050 ,0.976 ,1.061 ,
1082.696 ,1126.432 ,1256.239 ,1301.559 ,1339.132 ,1445.877 ,1582.791 ,1609.410 ,1657.583 ,0.444 ,0.449 ,0.473 ,0.499 ,0.489 ,0.545 ,0.440 ,0.540 ,
1080.116 ,1128.997 ,1258.764 ,1301.559 ,1331.632 ,1448.342 ,1582.791 ,1609.410 ,1657.583 ,0.972 ,0.977 ,1.008 ,1.027 ,1.040 ,1.093 ,0.984 ,1.117 ,
1080.116 ,1128.997 ,1258.764 ,1301.559 ,1334.133 ,1445.877 ,1580.366 ,1609.410 ,1657.583 ,0.968 ,0.978 ,0.967 ,0.999 ,0.996 ,1.029 ,0.993 ,1.030 ,
1082.696 ,1128.997 ,1256.239 ,1301.559 ,1336.633 ,1445.877 ,1582.791 ,1609.410 ,1657.583 ,0.982 ,0.984 ,1.003 ,1.034 ,1.018 ,1.068 ,0.973 ,1.059 ,
1080.116 ,1126.432 ,1256.239 ,1301.559 ,1334.133 ,1445.877 ,1580.366 ,1609.410 ,1657.583 ,0.960 ,0.997 ,1.015 ,1.066 ,1.052 ,1.140 ,0.951 ,1.135 ,
1085.275 ,1128.997 ,1256.239 ,1301.559 ,1341.631 ,1448.342 ,1582.791 ,1614.241 ,1659.983 ,0.979 ,0.976 ,0.977 ,1.002 ,1.007 ,1.029 ,0.976 ,1.022 ,
1082.696 ,1127.061 ,1258.764 ,1301.559 ,1334.133 ,1448.342 ,1580.366 ,1609.410 ,1659.983 ,0.996 ,0.999 ,1.008 ,1.021 ,1.018 ,1.042 ,0.989 ,1.052 ,
1082.696 ,1126.432 ,1256.239 ,1304.070 ,1339.132 ,1448.342 ,1580.366 ,1609.410 ,1659.983 ,0.911 ,0.924 ,1.020 ,1.073 ,1.078 ,1.529 ,0.973 ,1.191 ,
1080.116 ,1128.997 ,1256.239 ,1301.559 ,1339.132 ,1445.877 ,1580.366 ,1614.241 ,1657.583 ,1.024 ,1.011 ,1.009 ,1.022 ,1.023 ,1.049 ,0.995 ,1.043 ,
1082.696 ,1126.432 ,1258.764 ,1301.559 ,1334.133 ,1448.342 ,1582.791 ,1611.826 ,1659.983 ,0.980 ,1.001 ,1.004 ,1.045 ,1.029 ,1.071 ,0.971 ,1.077 ,
1080.116 ,1126.432 ,1256.239 ,1304.070 ,1336.633 ,1445.877 ,1580.366 ,1611.826 ,1659.983 ,0.975 ,1.004 ,1.110 ,1.205 ,1.137 ,1.350 ,0.981 ,1.320 ,
1082.696 ,1126.432 ,1256.239 ,1301.559 ,1339.132 ,1448.342 ,1582.791 ,1614.241 ,1659.983 ,1.025 ,1.006 ,1.059 ,1.098 ,1.077 ,1.182 ,0.985 ,1.173 ,
1080.116 ,1126.432 ,1256.239 ,1304.070 ,1339.132 ,1445.877 ,1580.366 ,1611.826 ,1659.983 ,0.955 ,0.954 ,1.073 ,1.156 ,1.137 ,1.289 ,0.988 ,1.268 ,
1080.116 ,1128.997 ,1258.764 ,1301.559 ,1334.133 ,1445.877 ,1580.366 ,1611.826 ,1659.983 ,1.064 ,1.038 ,1.217 ,1.350 ,1.312 ,1.591 ,0.977 ,1.506 ,
1082.696 ,1128.997 ,1256.239 ,1301.559 ,1336.633 ,1445.877 ,1580.366 ,1614.241 ,1659.983 ,1.082 ,1.000 ,1.222 ,1.355 ,1.225 ,1.631 ,0.994 ,1.552 ,
1082.696 ,1127.061 ,1258.764 ,1301.559 ,1339.132 ,1445.877 ,1580.366 ,1614.241 ,1659.983 ,0.903 ,0.904 ,1.073 ,1.177 ,1.156 ,1.361 ,1.011 ,1.319 ,
1082.696 ,1126.432 ,1256.239 ,1301.559 ,1334.133 ,1445.877 ,1580.366 ,1614.241 ,1659.983 ,0.919 ,0.886 ,1.129 ,1.191 ,1.240 ,1.360 ,0.939 ,1.329 ,
1085.275 ,1128.997 ,1258.764 ,1301.559 ,1334.133 ,1445.877 ,1580.366 ,1611.826 ,1659.983 ,0.989 ,0.965 ,1.058 ,1.129 ,1.126 ,1.277 ,1.008 ,1.266 ,
1080.116 ,1126.432 ,1256.239 ,1301.559 ,1336.633 ,1448.342 ,1582.791 ,1611.826 ,1659.983 ,0.851 ,0.858 ,1.008 ,1.105 ,1.079 ,1.278 ,0.998 ,1.224 ,
1080.116 ,1126.432 ,1256.239 ,1301.559 ,1334.133 ,1445.877 ,1582.791 ,1614.241 ,1659.983 ,0.865 ,0.864 ,1.009 ,1.109 ,1.102 ,1.310 ,0.987 ,1.293 ,
1082.696 ,1126.432 ,1256.239 ,1304.070 ,1341.631 ,1448.342 ,1582.791 ,1611.826 ,1659.983 ,1.032 ,0.983 ,1.191 ,1.281 ,1.202 ,1.534 ,0.996 ,1.416 ,
1080.116 ,1126.432 ,1256.239 ,1301.559 ,1336.633 ,1445.877 ,1582.791 ,1614.241 ,1659.983 ,0.934 ,0.939 ,1.056 ,1.192 ,1.129 ,1.386 ,0.961 ,1.336 ,
1080.116 ,1126.432 ,1256.239 ,1304.070 ,1339.132 ,1448.342 ,1580.366 ,1614.241 ,1659.983 ,1.047 ,1.073 ,1.292 ,1.355 ,1.401 ,1.496 ,0.979 ,1.473 ,
1080.116 ,1126.432 ,1258.764 ,1301.559 ,1336.633 ,1448.342 ,1582.791 ,1614.241 ,1659.983 ,1.000 ,0.990 ,1.100 ,1.167 ,1.130 ,1.288 ,0.991 ,1.233 ,
1082.696 ,1128.997 ,1256.239 ,1304.070 ,1339.132 ,1445.877 ,1582.791 ,1611.826 ,1659.983 ,1.086 ,1.024 ,1.235 ,1.368 ,1.262 ,1.642 ,0.973 ,1.532 ,
1082.696 ,1126.432 ,1256.239 ,1301.559 ,1339.132 ,1448.342 ,1582.791 ,1611.826 ,1659.983 ,0.870 ,0.864 ,1.019 ,1.100 ,1.066 ,1.242 ,0.946 ,1.273 ,
1082.696 ,1126.432 ,1256.239 ,1301.559 ,1336.633 ,1445.877 ,1582.791 ,1611.826 ,1659.983 ,0.734 ,0.750 ,0.900 ,0.948 ,0.965 ,1.092 ,0.978 ,1.118 ,
1080.116 ,1126.432 ,1256.239 ,1301.559 ,1334.133 ,1448.342 ,1582.791 ,1611.826 ,1659.983 ,0.887 ,0.907 ,0.952 ,0.995 ,1.002 ,1.051 ,0.976 ,1.084 ,
1082.696 ,1128.997 ,1258.764 ,1301.559 ,1331.632 ,1448.342 ,1580.366 ,1614.241 ,1659.983 ,0.913 ,0.918 ,1.107 ,1.154 ,1.194 ,1.355 ,0.942 ,1.341 ,
1080.116 ,1127.061 ,1256.239 ,1301.559 ,1339.132 ,1445.877 ,1580.366 ,1614.241 ,1659.983 ,0.873 ,0.870 ,1.089 ,1.148 ,1.163 ,1.325 ,0.998 ,1.329 ,
1082.696 ,1127.061 ,1258.764 ,1301.559 ,1336.633 ,1445.877 ,1582.791 ,1611.826 ,1659.983 ,1.036 ,1.022 ,1.212 ,1.319 ,1.241 ,1.618 ,0.981 ,1.529 ,
1080.116 ,1126.432 ,1256.239 ,1301.559 ,1336.633 ,1445.877 ,1580.366 ,1614.241 ,1659.983 ,0.845 ,0.872 ,1.022 ,1.118 ,1.104 ,1.317 ,1.000 ,1.279 ,
1082.696 ,1127.061 ,1256.239 ,1304.070 ,1334.133 ,1448.342 ,1580.366 ,1611.826 ,1659.983 ,0.997 ,0.981 ,1.152 ,1.229 ,1.223 ,1.327 ,0.920 ,1.311 ,
1082.696 ,1126.432 ,1258.764 ,1301.559 ,1336.633 ,1448.342 ,1582.791 ,1611.826 ,1657.583 ,0.990 ,1.007 ,1.167 ,1.268 ,1.252 ,1.416 ,0.968 ,1.386 ,
1080.116 ,1126.432 ,1256.239 ,1304.070 ,1336.633 ,1448.342 ,1585.214 ,1614.241 ,1659.983 ,0.927 ,0.920 ,1.099 ,1.224 ,1.154 ,1.404 ,0.966 ,1.357 ,
1082.696 ,1126.432 ,1256.239 ,1301.559 ,1334.133 ,1448.342 ,1582.791 ,1611.826 ,1657.583 ,0.982 ,1.001 ,1.172 ,1.281 ,1.282 ,1.507 ,0.980 ,1.405 ,
1080.116 ,1126.432 ,1258.764 ,1301.559 ,1331.632 ,1445.877 ,1580.366 ,1611.826 ,1659.983 ,0.916 ,0.916 ,1.066 ,1.173 ,1.156 ,1.399 ,0.946 ,1.305 ,
1080.116 ,1126.432 ,1258.764 ,1301.559 ,1331.632 ,1445.877 ,1580.366 ,1611.826 ,1659.983 ,0.916 ,0.916 ,1.066 ,1.173 ,1.156 ,1.399 ,0.970 ,1.305 ,
1082.696 ,1126.432 ,1256.239 ,1301.559 ,1339.132 ,1448.342 ,1580.366 ,1614.241 ,1659.983 ,1.015 ,0.992 ,1.248 ,1.315 ,1.357 ,1.490 ,0.980 ,1.426 ,
1082.696 ,1126.432 ,1256.239 ,1301.559 ,1336.633 ,1445.877 ,1580.366 ,1614.241 ,1659.983 ,0.881 ,0.905 ,1.045 ,1.169 ,1.117 ,1.317 ,0.974 ,1.334 ,
1080.116 ,1128.997 ,1256.239 ,1304.070 ,1339.132 ,1445.877 ,1580.366 ,1611.826 ,1659.983 ,0.960 ,0.961 ,1.054 ,1.185 ,1.118 ,1.305 ,0.979 ,1.316 ,
1082.696 ,1126.432 ,1258.764 ,1304.070 ,1336.633 ,1445.877 ,1580.366 ,1614.241 ,1659.983 ,0.901 ,0.901 ,1.091 ,1.160 ,1.205 ,1.319 ,0.965 ,1.317 ,
1082.696 ,1126.432 ,1256.239 ,1301.559 ,1341.631 ,1448.342 ,1580.366 ,1611.826 ,1659.983 ,0.914 ,0.890 ,1.054 ,1.116 ,1.109 ,1.242 ,0.980 ,1.259 ,
1082.696 ,1126.432 ,1258.764 ,1301.559 ,1339.132 ,1445.877 ,1582.791 ,1611.826 ,1657.583 ,0.960 ,0.939 ,1.091 ,1.176 ,1.138 ,1.368 ,1.008 ,1.397 ,
1082.696 ,1128.997 ,1258.764 ,1304.070 ,1336.633 ,1445.877 ,1580.366 ,1614.241 ,1659.983 ,0.884 ,0.923 ,0.961 ,0.992 ,1.028 ,1.098 ,0.981 ,1.156 ,
1080.116 ,1127.061 ,1256.239 ,1304.070 ,1336.633 ,1448.342 ,1582.791 ,1611.826 ,1659.983 ,0.926 ,0.968 ,1.073 ,1.180 ,1.161 ,1.285 ,0.982 ,1.291 ,
1080.116 ,1127.061 ,1258.764 ,1304.070 ,1334.133 ,1445.877 ,1582.791 ,1611.826 ,1659.983 ,0.880 ,0.908 ,0.948 ,1.012 ,1.047 ,1.076 ,0.968 ,1.130 ,
1080.116 ,1127.061 ,1258.764 ,1301.559 ,1336.633 ,1445.877 ,1582.791 ,1614.241 ,1657.583 ,0.937 ,0.940 ,1.025 ,1.078 ,1.098 ,1.213 ,1.002 ,1.234 ,
1080.116 ,1127.061 ,1258.764 ,1301.559 ,1334.133 ,1448.342 ,1580.366 ,1611.826 ,1659.983 ,0.974 ,0.955 ,1.180 ,1.291 ,1.307 ,1.468 ,1.012 ,1.472 ,
1080.116 ,1128.997 ,1258.764 ,1301.559 ,1336.633 ,1445.877 ,1580.366 ,1611.826 ,1659.983 ,0.910 ,0.937 ,0.978 ,1.033 ,1.051 ,1.107 ,0.999 ,1.113 ,
1082.696 ,1128.997 ,1256.239 ,1301.559 ,1336.633 ,1448.342 ,1582.791 ,1614.241 ,1659.983 ,0.840 ,0.797 ,0.972 ,1.068 ,1.092 ,1.190 ,0.968 ,1.259 ,
1080.116 ,1127.061 ,1256.239 ,1304.070 ,1336.633 ,1445.877 ,1580.366 ,1611.826 ,1659.983 ,0.933 ,0.966 ,1.118 ,1.247 ,1.259 ,1.430 ,0.989 ,1.406 ,
1082.696 ,1127.061 ,1256.239 ,1304.070 ,1334.133 ,1448.342 ,1580.366 ,1611.826 ,1659.983 ,0.996 ,0.962 ,1.195 ,1.305 ,1.296 ,1.480 ,0.999 ,1.470 ,
1082.696 ,1127.061 ,1256.239 ,1301.559 ,1339.132 ,1448.342 ,1582.791 ,1614.241 ,1657.583 ,0.945 ,0.941 ,1.051 ,1.065 ,1.088 ,1.161 ,0.986 ,1.183 ,
1080.116 ,1126.432 ,1256.239 ,1304.070 ,1334.133 ,1448.342 ,1580.366 ,1611.826 ,1659.983 ,0.963 ,0.979 ,1.031 ,1.129 ,1.116 ,1.191 ,0.991 ,1.201 ,
1080.116 ,1128.409 ,1258.764 ,1301.559 ,1331.632 ,1445.877 ,1582.791 ,1611.826 ,1659.983 ,0.886 ,0.924 ,0.971 ,1.032 ,1.055 ,1.133 ,0.977 ,1.147 ,
1080.116 ,1128.409 ,1256.239 ,1304.070 ,1336.633 ,1448.342 ,1580.366 ,1611.826 ,1659.983 ,0.977 ,0.991 ,1.206 ,1.280 ,1.332 ,1.502 ,1.013 ,1.506 ,
1083.074 ,1126.387 ,1256.124 ,1301.901 ,1336.935 ,1445.681 ,1582.448 ,1614.394 ,1659.515 ,1.008 ,1.006 ,1.011 ,1.024 ,1.027 ,1.034 ,1.001 ,1.025 ,
1080.354 ,1126.387 ,1257.438 ,1303.202 ,1335.641 ,1446.314 ,1580.599 ,1610.718 ,1658.301 ,1.008 ,2.362 ,1.019 ,1.030 ,1.026 ,1.043 ,1.000 ,1.034 ,
1086.471 ,1128.409 ,1256.124 ,1301.901 ,1338.874 ,1441.249 ,1580.599 ,1611.330 ,1657.694 ,1.021 ,1.011 ,1.025 ,1.030 ,1.035 ,1.047 ,1.008 ,1.048 ,
1083.753 ,1126.387 ,1258.095 ,1301.250 ,1337.581 ,1445.681 ,1581.215 ,1613.169 ,1658.908 ,1.008 ,1.006 ,1.020 ,1.028 ,1.026 ,1.043 ,0.997 ,1.039 ,
1083.074 ,1126.387 ,1258.095 ,1301.901 ,1335.641 ,1441.249 ,1581.215 ,1613.781 ,1658.908 ,1.015 ,1.005 ,1.024 ,1.034 ,1.031 ,1.040 ,1.004 ,1.045 ,
1082.394 ,1128.409 ,1257.438 ,1303.202 ,1334.995 ,1444.415 ,1580.599 ,1614.394 ,1657.694 ,1.010 ,1.010 ,1.023 ,1.028 ,1.034 ,1.041 ,1.005 ,1.038 ,
1081.714 ,1128.409 ,1258.751 ,1301.901 ,1334.348 ,1445.048 ,1580.599 ,1613.781 ,1658.301 ,1.016 ,1.014 ,1.026 ,1.034 ,1.033 ,1.043 ,1.012 ,1.037 ,
1081.714 ,1126.387 ,1258.095 ,1301.901 ,1336.935 ,1446.314 ,1580.599 ,1612.556 ,1657.086 ,1.049 ,1.047 ,1.094 ,1.138 ,1.114 ,1.210 ,0.998 ,1.187 ,
1083.074 ,1126.387 ,1258.095 ,1303.853 ,1334.995 ,1446.947 ,1582.448 ,1609.492 ,1658.301 ,1.084 ,1.051 ,1.121 ,1.159 ,1.127 ,1.235 ,1.015 ,1.207 ,
1082.394 ,1127.061 ,1258.095 ,1303.853 ,1337.581 ,1446.947 ,1580.599 ,1611.943 ,1658.301 ,2.075 ,1.057 ,1.113 ,1.147 ,1.135 ,1.242 ,1.016 ,1.200 ,
1083.753 ,1127.735 ,1257.438 ,1301.901 ,1334.995 ,1443.149 ,1581.215 ,1611.943 ,1658.301 ,1.080 ,1.052 ,1.112 ,1.148 ,1.130 ,1.248 ,1.022 ,1.202 ,
1082.394 ,1127.735 ,1258.095 ,1303.853 ,1334.995 ,1446.947 ,1580.599 ,1611.943 ,1658.301 ,1.052 ,1.046 ,1.117 ,1.137 ,1.128 ,1.236 ,1.010 ,1.173 ,
1084.433 ,1127.735 ,1258.095 ,1302.552 ,1336.288 ,1446.314 ,1582.448 ,1613.781 ,1658.301 ,1.065 ,1.059 ,1.111 ,1.139 ,1.129 ,1.233 ,1.023 ,1.190 ,
1085.792 ,1127.735 ,1258.095 ,1303.202 ,1337.581 ,1446.314 ,1581.832 ,1611.330 ,1658.301 ,1.064 ,1.054 ,1.098 ,1.137 ,1.122 ,1.232 ,1.024 ,1.178 ,
1085.792 ,1126.387 ,1257.438 ,1303.202 ,1335.641 ,1446.947 ,1580.599 ,1611.943 ,1658.908 ,1.053 ,1.036 ,1.092 ,1.127 ,1.120 ,1.213 ,1.008 ,1.160 ,
1085.112 ,1127.061 ,1256.124 ,1301.250 ,1334.348 ,1444.415 ,1581.832 ,1611.330 ,1658.301 ,1.051 ,1.039 ,1.104 ,1.142 ,1.116 ,1.211 ,1.019 ,1.165 ,
1085.792 ,1127.735 ,1257.438 ,1303.202 ,1334.348 ,1447.579 ,1580.599 ,1614.394 ,1658.301 ,1.052 ,1.040 ,1.099 ,1.132 ,1.126 ,1.221 ,1.043 ,1.172 ,
1086.471 ,1127.735 ,1258.751 ,1303.853 ,1334.995 ,1448.845 ,1581.215 ,1612.556 ,1657.694 ,1.049 ,1.037 ,1.094 ,1.134 ,1.109 ,1.210 ,1.025 ,1.180 ,
1085.792 ,1127.735 ,1256.124 ,1301.250 ,1337.581 ,1443.149 ,1581.832 ,1614.394 ,1658.301 ,1.057 ,1.039 ,1.089 ,1.137 ,1.115 ,1.212 ,1.032 ,1.167 ,
1086.471 ,1126.387 ,1258.751 ,1303.202 ,1336.288 ,1446.314 ,1582.448 ,1610.105 ,1657.694 ,1.045 ,1.029 ,1.092 ,1.115 ,1.099 ,1.193 ,1.008 ,1.171 ,
1085.112 ,1127.061 ,1256.781 ,1303.202 ,1337.581 ,1447.579 ,1581.832 ,1611.943 ,1657.694 ,1.057 ,1.027 ,1.079 ,1.117 ,1.098 ,1.207 ,1.017 ,1.172 ,
1083.074 ,1127.735 ,1256.781 ,1303.202 ,1336.288 ,1445.048 ,1581.832 ,1611.330 ,1658.301 ,1.029 ,0.998 ,1.064 ,1.107 ,1.074 ,1.186 ,1.010 ,1.143 ,
1087.829 ,1127.061 ,1257.438 ,1301.901 ,1336.935 ,1448.845 ,1581.832 ,1611.330 ,1657.694 ,1.010 ,1.016 ,1.039 ,1.059 ,1.053 ,1.098 ,0.996 ,1.071 ,
1085.792 ,1127.735 ,1258.095 ,1303.853 ,1336.935 ,1447.579 ,1581.832 ,1611.330 ,1659.515 ,1.019 ,1.016 ,1.049 ,1.063 ,1.060 ,1.111 ,1.009 ,1.090 ,
1083.753 ,1126.387 ,1258.095 ,1302.552 ,1338.227 ,1448.845 ,1581.832 ,1611.943 ,1658.908 ,1.022 ,1.018 ,1.048 ,1.070 ,1.064 ,1.112 ,1.006 ,1.092 ,
1086.471 ,1126.387 ,1258.095 ,1303.202 ,1336.288 ,1448.212 ,1582.448 ,1610.718 ,1657.086 ,1.019 ,1.016 ,1.044 ,1.060 ,1.063 ,1.104 ,1.012 ,1.087 ,
1085.792 ,1127.061 ,1257.438 ,1301.901 ,1333.701 ,1446.947 ,1580.599 ,1610.105 ,1657.694 ,1.019 ,1.015 ,1.044 ,1.059 ,1.071 ,1.107 ,1.011 ,1.092 ,
1086.471 ,1126.387 ,1258.095 ,1301.901 ,1337.581 ,1446.947 ,1581.832 ,1610.718 ,1657.694 ,1.024 ,1.018 ,1.045 ,1.063 ,1.058 ,1.103 ,1.003 ,1.087 ,
1081.034 ,1127.735 ,1258.095 ,1303.202 ,1336.935 ,1447.579 ,1581.832 ,1610.718 ,1657.694 ,1.021 ,1.024 ,1.051 ,1.068 ,1.069 ,1.114 ,1.015 ,1.099 ,
1087.829 ,1127.061 ,1258.095 ,1302.552 ,1338.874 ,1447.579 ,1581.832 ,1614.394 ,1658.301 ,1.024 ,1.018 ,1.053 ,1.058 ,1.062 ,1.102 ,1.021 ,1.087 ,
1087.829 ,1127.735 ,1258.095 ,1302.552 ,1333.701 ,1446.314 ,1582.448 ,1613.169 ,1658.908 ,1.020 ,1.019 ,1.048 ,1.060 ,1.060 ,1.107 ,1.018 ,1.082 ,
1084.433 ,1127.061 ,1258.095 ,1301.901 ,1333.054 ,1447.579 ,1581.832 ,1613.781 ,1657.694 ,2.183 ,1.011 ,1.041 ,1.052 ,2.683 ,1.095 ,1.012 ,1.073 ,
1082.696 ,1128.997 ,1256.239 ,1301.559 ,1336.633 ,1448.342 ,1582.791 ,1614.241 ,1659.983 ,0.840 ,0.797 ,0.972 ,1.068 ,1.092 ,1.190 ,0.968 ,1.259 ,
1082.696 ,1127.061 ,1256.239 ,1304.070 ,1334.133 ,1448.342 ,1580.366 ,1611.826 ,1659.983 ,0.996 ,0.962 ,1.195 ,1.305 ,1.296 ,1.480 ,0.999 ,1.470 ,
1083.074 ,1126.387 ,1258.095 ,1303.853 ,1334.995 ,1446.947 ,1582.448 ,1609.492 ,1658.301 ,1.084 ,1.051 ,1.121 ,1.159 ,1.127 ,1.235 ,1.015 ,1.207 ,
1082.394 ,1127.061 ,1258.095 ,1303.853 ,1337.581 ,1446.947 ,1580.599 ,1611.943 ,1658.301 ,2.075 ,1.057 ,1.113 ,1.147 ,1.135 ,1.242 ,1.016 ,1.200 ,
1083.753 ,1127.735 ,1257.438 ,1301.901 ,1334.995 ,1443.149 ,1581.215 ,1611.943 ,1658.301 ,1.080 ,1.052 ,1.112 ,1.148 ,1.130 ,1.248 ,1.022 ,1.202 ,
1082.394 ,1127.735 ,1258.095 ,1303.853 ,1334.995 ,1446.947 ,1580.599 ,1611.943 ,1658.301 ,1.052 ,1.046 ,1.117 ,1.137 ,1.128 ,1.236 ,1.010 ,1.173 ,
1084.433 ,1127.735 ,1258.095 ,1302.552 ,1336.288 ,1446.314 ,1582.448 ,1613.781 ,1658.301 ,1.065 ,1.059 ,1.111 ,1.139 ,1.129 ,1.233 ,1.023 ,1.190 ,
1085.792 ,1127.735 ,1258.095 ,1303.202 ,1337.581 ,1446.314 ,1581.832 ,1611.330 ,1658.301 ,1.064 ,1.054 ,1.098 ,1.137 ,1.122 ,1.232 ,1.024 ,1.178 ,
1085.792 ,1126.387 ,1257.438 ,1303.202 ,1335.641 ,1446.947 ,1580.599 ,1611.943 ,1658.908 ,1.053 ,1.036 ,1.092 ,1.127 ,1.120 ,1.213 ,1.008 ,1.160 ,
1085.112 ,1127.061 ,1256.124 ,1301.250 ,1334.348 ,1444.415 ,1581.832 ,1611.330 ,1658.301 ,1.051 ,1.039 ,1.104 ,1.142 ,1.116 ,1.211 ,1.019 ,1.165 ,
1085.792 ,1127.735 ,1257.438 ,1303.202 ,1334.348 ,1447.579 ,1580.599 ,1614.394 ,1658.301 ,1.052 ,1.040 ,1.099 ,1.132 ,1.126 ,1.221 ,1.043 ,1.172 ,
1086.471 ,1127.735 ,1258.751 ,1303.853 ,1334.995 ,1448.845 ,1581.215 ,1612.556 ,1657.694 ,1.049 ,1.037 ,1.094 ,1.134 ,1.109 ,1.210 ,1.025 ,1.180 ,
1085.792 ,1127.735 ,1256.124 ,1301.250 ,1337.581 ,1443.149 ,1581.832 ,1614.394 ,1658.301 ,1.057 ,1.039 ,1.089 ,1.137 ,1.115 ,1.212 ,1.032 ,1.167 ,
1086.471 ,1126.387 ,1258.751 ,1303.202 ,1336.288 ,1446.314 ,1582.448 ,1610.105 ,1657.694 ,1.045 ,1.029 ,1.092 ,1.115 ,1.099 ,1.193 ,1.008 ,1.171 ,
1085.112 ,1127.061 ,1256.781 ,1303.202 ,1337.581 ,1447.579 ,1581.832 ,1611.943 ,1657.694 ,1.057 ,1.027 ,1.079 ,1.117 ,1.098 ,1.207 ,1.017 ,1.172 ,
1083.074 ,1127.735 ,1256.781 ,1303.202 ,1336.288 ,1445.048 ,1581.832 ,1611.330 ,1658.301 ,1.029 ,0.998 ,1.064 ,1.107 ,1.074 ,1.186 ,1.010 ,1.143 ,
1087.829 ,1127.061 ,1257.438 ,1301.901 ,1336.935 ,1448.845 ,1581.832 ,1611.330 ,1657.694 ,1.010 ,1.016 ,1.039 ,1.059 ,1.053 ,1.098 ,0.996 ,1.071 ,
1085.792 ,1127.735 ,1258.095 ,1303.853 ,1336.935 ,1447.579 ,1581.832 ,1611.330 ,1659.515 ,1.019 ,1.016 ,1.049 ,1.063 ,1.060 ,1.111 ,1.009 ,1.090 ,
1083.753 ,1126.387 ,1258.095 ,1302.552 ,1338.227 ,1448.845 ,1581.832 ,1611.943 ,1658.908 ,1.022 ,1.018 ,1.048 ,1.070 ,1.064 ,1.112 ,1.006 ,1.092 ,
1086.471 ,1126.387 ,1258.095 ,1303.202 ,1336.288 ,1448.212 ,1582.448 ,1610.718 ,1657.086 ,1.019 ,1.016 ,1.044 ,1.060 ,1.063 ,1.104 ,1.012 ,1.087 ,
1085.792 ,1127.061 ,1257.438 ,1301.901 ,1333.701 ,1446.947 ,1580.599 ,1610.105 ,1657.694 ,1.019 ,1.015 ,1.044 ,1.059 ,1.071 ,1.107 ,1.011 ,1.092 ,
1086.471 ,1126.387 ,1258.095 ,1301.901 ,1337.581 ,1446.947 ,1581.832 ,1610.718 ,1657.694 ,1.024 ,1.018 ,1.045 ,1.063 ,1.058 ,1.103 ,1.003 ,1.087 ,
1081.034 ,1127.735 ,1258.095 ,1303.202 ,1336.935 ,1447.579 ,1581.832 ,1610.718 ,1657.694 ,1.021 ,1.024 ,1.051 ,1.068 ,1.069 ,1.114 ,1.015 ,1.099 ,
1087.829 ,1127.061 ,1258.095 ,1302.552 ,1338.874 ,1447.579 ,1581.832 ,1614.394 ,1658.301 ,1.024 ,1.018 ,1.053 ,1.058 ,1.062 ,1.102 ,1.021 ,1.087 ,
1087.829 ,1127.735 ,1258.095 ,1302.552 ,1333.701 ,1446.314 ,1582.448 ,1613.169 ,1658.908 ,1.020 ,1.019 ,1.048 ,1.060 ,1.060 ,1.107 ,1.018 ,1.082 ,
1084.433 ,1127.061 ,1258.095 ,1301.901 ,1333.054 ,1447.579 ,1581.832 ,1613.781 ,1657.694 ,2.183 ,1.011 ,1.041 ,1.052 ,2.683 ,1.095 ,1.012 ,1.073 ,
1084.327 ,1127.968 ,1257.506 ,1302.738 ,1335.249 ,1446.790 ,1581.057 ,1614.879 ,1658.156 ,0.955 ,0.973 ,0.963 ,0.991 ,0.985 ,1.003 ,0.983 ,1.030 ,
1081.753 ,1127.968 ,1257.506 ,1302.738 ,1332.753 ,1446.790 ,1583.477 ,1612.468 ,1658.156 ,0.997 ,0.987 ,1.021 ,1.055 ,1.038 ,1.110 ,0.989 ,1.122 ,
1081.753 ,1127.968 ,1257.506 ,1302.738 ,1332.753 ,1441.865 ,1581.057 ,1612.468 ,1660.553 ,0.937 ,0.934 ,0.952 ,0.973 ,0.968 ,1.019 ,1.009 ,1.039 ,
1086.901 ,1127.968 ,1257.506 ,1302.738 ,1332.753 ,1444.328 ,1581.057 ,1610.056 ,1658.156 ,0.959 ,0.974 ,0.966 ,0.993 ,0.985 ,0.999 ,0.965 ,1.012 ,
1086.901 ,1125.407 ,1257.506 ,1302.738 ,1332.753 ,1446.790 ,1583.477 ,1614.879 ,1658.156 ,0.975 ,0.986 ,1.027 ,1.039 ,1.052 ,1.115 ,1.016 ,1.118 ,
1081.753 ,1127.968 ,1257.506 ,1302.738 ,1332.753 ,1446.790 ,1583.477 ,1610.056 ,1658.156 ,0.964 ,0.963 ,1.004 ,1.039 ,1.033 ,1.087 ,1.003 ,1.110 ,
1084.327 ,1127.968 ,1257.506 ,1302.738 ,1332.753 ,1446.790 ,1581.057 ,1610.056 ,1658.156 ,0.959 ,0.955 ,0.988 ,1.012 ,1.002 ,1.053 ,0.997 ,1.094 ,
1084.327 ,1127.968 ,1257.506 ,1302.738 ,1332.753 ,1444.328 ,1581.057 ,1612.468 ,1658.156 ,0.960 ,0.957 ,0.984 ,0.987 ,1.001 ,1.030 ,1.007 ,1.052 ,
1081.753 ,1127.968 ,1257.506 ,1302.738 ,1332.753 ,1441.865 ,1581.057 ,1610.056 ,1658.156 ,0.978 ,0.977 ,0.996 ,0.997 ,0.999 ,1.032 ,1.007 ,1.040 ,
1089.474 ,1127.968 ,1257.506 ,1302.738 ,1335.249 ,1444.328 ,1581.057 ,1612.468 ,1658.156 ,0.998 ,0.980 ,1.020 ,1.030 ,1.017 ,1.062 ,1.002 ,1.069 ,
1084.327 ,1127.968 ,1257.506 ,1302.738 ,1335.249 ,1446.790 ,1581.057 ,1610.056 ,1658.156 ,0.986 ,0.997 ,1.025 ,1.047 ,1.048 ,1.099 ,1.005 ,1.114 ,
1084.327 ,1127.968 ,1257.506 ,1302.738 ,1332.753 ,1444.328 ,1581.057 ,1612.468 ,1658.156 ,0.999 ,0.999 ,1.035 ,1.060 ,1.058 ,1.108 ,1.000 ,1.113 ,
1086.901 ,1127.968 ,1257.506 ,1302.738 ,1332.753 ,1444.328 ,1581.057 ,1614.879 ,1658.156 ,0.965 ,0.969 ,1.006 ,1.041 ,1.038 ,1.115 ,1.005 ,1.128 ,
1086.901 ,1127.968 ,1257.506 ,1302.738 ,1335.249 ,1441.865 ,1581.057 ,1614.879 ,1658.156 ,0.957 ,0.972 ,0.982 ,1.007 ,0.995 ,1.052 ,1.001 ,1.060 ,
1086.901 ,1127.968 ,1257.506 ,1302.738 ,1332.753 ,1441.865 ,1581.057 ,1614.879 ,1658.156 ,0.984 ,0.980 ,0.988 ,1.003 ,0.996 ,1.035 ,0.997 ,1.027 ,
1084.327 ,1127.968 ,1257.506 ,1302.738 ,1332.753 ,1446.790 ,1581.057 ,1612.468 ,1658.156 ,0.969 ,0.964 ,0.992 ,1.015 ,1.007 ,1.060 ,1.009 ,1.083 ,
1086.901 ,1127.968 ,1257.506 ,1302.738 ,1335.249 ,1441.865 ,1581.057 ,1614.879 ,1658.156 ,0.967 ,0.969 ,1.023 ,1.042 ,1.050 ,1.103 ,0.991 ,1.105 ,
1084.327 ,1127.968 ,1257.506 ,1302.738 ,1332.753 ,1444.328 ,1581.057 ,1614.879 ,1658.156 ,0.963 ,0.967 ,1.016 ,1.042 ,1.050 ,1.110 ,0.985 ,1.105 ,
1081.753 ,1127.968 ,1257.506 ,1302.738 ,1335.249 ,1444.328 ,1581.057 ,1614.879 ,1658.156 ,1.003 ,1.008 ,1.045 ,1.085 ,1.052 ,1.148 ,0.995 ,1.148 ,
1084.327 ,1127.968 ,1257.506 ,1302.738 ,1332.753 ,1444.328 ,1581.057 ,1614.879 ,1658.156 ,0.993 ,1.005 ,1.023 ,1.053 ,1.038 ,1.122 ,0.992 ,1.122 ,
1084.327 ,1127.968 ,1257.506 ,1302.738 ,1332.753 ,1444.328 ,1581.057 ,1614.879 ,1658.156 ,1.007 ,0.986 ,1.035 ,1.053 ,1.048 ,1.123 ,1.004 ,1.093 ,
1086.901 ,1127.968 ,1257.506 ,1302.738 ,1335.249 ,1446.790 ,1581.057 ,1614.879 ,1660.553 ,0.958 ,0.946 ,0.990 ,0.995 ,1.004 ,1.038 ,0.990 ,1.078 ,
1084.327 ,1127.968 ,1257.506 ,1302.738 ,1335.249 ,1446.790 ,1581.057 ,1612.468 ,1658.156 ,0.997 ,0.984 ,1.020 ,1.066 ,1.052 ,1.099 ,1.018 ,1.116 ,
1089.474 ,1127.968 ,1257.506 ,1302.738 ,1335.249 ,1446.790 ,1581.057 ,1614.879 ,1658.156 ,1.019 ,0.998 ,1.050 ,1.082 ,1.072 ,1.125 ,1.013 ,1.127 ,
1086.901 ,1127.968 ,1257.506 ,1302.738 ,1335.249 ,1444.328 ,1581.057 ,1614.879 ,1658.156 ,0.990 ,0.991 ,1.029 ,1.047 ,1.061 ,1.102 ,0.997 ,1.109 ,
1086.901 ,1127.968 ,1257.506 ,1302.738 ,1335.249 ,1446.790 ,1581.057 ,1614.879 ,1658.156 ,1.013 ,1.006 ,1.030 ,1.051 ,1.057 ,1.094 ,0.998 ,1.095 ,
1084.327 ,1127.968 ,1257.506 ,1302.738 ,1335.249 ,1444.328 ,1583.477 ,1614.879 ,1658.156 ,0.974 ,0.983 ,1.024 ,1.028 ,1.037 ,1.076 ,1.012 ,1.089 ,
1086.901 ,1127.968 ,1257.506 ,1302.738 ,1335.249 ,1444.328 ,1581.057 ,1614.879 ,1658.156 ,0.999 ,0.995 ,1.034 ,1.057 ,1.067 ,1.122 ,1.012 ,1.127 ,
1084.327 ,1127.968 ,1257.506 ,1302.738 ,1335.249 ,1441.865 ,1581.057 ,1614.879 ,1658.156 ,1.026 ,1.008 ,1.058 ,1.081 ,1.056 ,1.166 ,0.980 ,1.156 ,
1084.327 ,1127.968 ,1257.506 ,1302.738 ,1332.753 ,1446.790 ,1581.057 ,1612.468 ,1658.156 ,1.005 ,1.005 ,1.026 ,1.040 ,1.060 ,1.098 ,1.018 ,1.108 ,
1086.901 ,1127.968 ,1257.506 ,1302.738 ,1335.249 ,1444.328 ,1581.057 ,1614.879 ,1658.156 ,1.014 ,1.006 ,1.049 ,1.065 ,1.069 ,1.133 ,0.989 ,1.131 ,
1086.901 ,1127.968 ,1257.506 ,1302.738 ,1335.249 ,1444.328 ,1581.057 ,1612.468 ,1658.156 ,0.954 ,0.967 ,0.973 ,0.982 ,1.001 ,1.033 ,0.991 ,1.053 ,
1086.901 ,1127.968 ,1257.506 ,1302.738 ,1335.249 ,1441.865 ,1583.477 ,1614.879 ,1658.156 ,0.989 ,0.986 ,1.034 ,1.070 ,1.064 ,1.143 ,0.992 ,1.159 ,
1084.327 ,1127.968 ,1257.506 ,1302.738 ,1335.249 ,1446.790 ,1581.057 ,1614.879 ,1658.156 ,1.005 ,0.992 ,1.036 ,1.052 ,1.073 ,1.115 ,1.012 ,1.124 ,
1084.327 ,1127.968 ,1257.506 ,1302.738 ,1335.249 ,1449.251 ,1581.057 ,1614.879 ,1658.156 ,1.032 ,1.020 ,1.076 ,1.093 ,1.079 ,1.178 ,1.004 ,1.171 ,
1089.474 ,1127.968 ,1257.506 ,1302.738 ,1332.753 ,1446.790 ,1581.057 ,1610.056 ,1658.156 ,0.975 ,0.980 ,0.989 ,1.002 ,1.003 ,1.028 ,0.999 ,1.034 ,
1084.327 ,1127.968 ,1257.506 ,1305.243 ,1332.753 ,1444.328 ,1581.057 ,1610.056 ,1658.156 ,1.030 ,1.026 ,1.067 ,1.100 ,1.090 ,1.151 ,1.010 ,1.149 ,
1084.327 ,1125.407 ,1254.986 ,1305.243 ,1332.753 ,1446.790 ,1581.057 ,1610.056 ,1655.758 ,0.994 ,0.997 ,1.011 ,1.050 ,1.029 ,1.083 ,0.992 ,1.102 ,
1086.901 ,1125.407 ,1257.506 ,1305.243 ,1332.753 ,1444.328 ,1583.477 ,1614.879 ,1658.156 ,1.015 ,1.014 ,1.045 ,1.067 ,1.072 ,1.120 ,1.016 ,1.125 ,
1086.901 ,1127.968 ,1254.986 ,1302.738 ,1332.753 ,1446.790 ,1581.057 ,1612.468 ,1658.156 ,1.001 ,1.004 ,1.047 ,1.072 ,1.049 ,1.114 ,0.985 ,1.138 ,
1081.753 ,1125.407 ,1257.506 ,1302.738 ,1335.249 ,1444.328 ,1583.477 ,1610.056 ,1658.156 ,0.989 ,0.991 ,1.038 ,1.059 ,1.045 ,1.126 ,0.998 ,1.144 ,
1086.901 ,1125.407 ,1257.506 ,1302.738 ,1332.753 ,1441.865 ,1581.057 ,1614.879 ,1658.156 ,1.002 ,0.997 ,1.040 ,1.082 ,1.067 ,1.146 ,1.017 ,1.153 ,
1089.474 ,1127.968 ,1257.506 ,1302.738 ,1332.753 ,1444.328 ,1583.477 ,1614.879 ,1658.156 ,1.007 ,0.978 ,1.040 ,1.071 ,1.082 ,1.103 ,0.991 ,1.114 ,
1086.901 ,1125.407 ,1257.506 ,1302.738 ,1332.753 ,1444.328 ,1583.477 ,1614.879 ,1658.156 ,0.976 ,1.000 ,1.013 ,1.044 ,1.031 ,1.119 ,1.001 ,1.124 ,
1089.474 ,1125.407 ,1257.506 ,1302.738 ,1332.753 ,1441.865 ,1583.477 ,1614.879 ,1658.156 ,0.970 ,0.967 ,1.004 ,1.024 ,1.020 ,1.085 ,1.003 ,1.095 ,
1086.901 ,1127.968 ,1257.506 ,1302.738 ,1332.753 ,1444.328 ,1583.477 ,1614.879 ,1658.156 ,0.972 ,0.972 ,1.012 ,1.034 ,1.037 ,1.082 ,0.996 ,1.088 ,
1089.474 ,1127.968 ,1257.506 ,1302.738 ,1332.753 ,1446.790 ,1581.057 ,1614.879 ,1658.156 ,0.985 ,0.983 ,1.007 ,1.032 ,1.028 ,1.086 ,1.000 ,1.084 ,
1081.753 ,1127.968 ,1257.506 ,1302.738 ,1332.753 ,1444.328 ,1583.477 ,1614.879 ,1658.156 ,0.972 ,0.962 ,1.031 ,1.055 ,1.025 ,1.124 ,1.001 ,1.162 ,
1084.327 ,1127.968 ,1254.986 ,1302.738 ,1335.249 ,1441.865 ,1581.057 ,1612.468 ,1658.156 ,0.950 ,0.954 ,0.973 ,0.978 ,0.977 ,1.028 ,0.999 ,1.037 ,
1089.474 ,1127.968 ,1254.986 ,1302.738 ,1332.753 ,1446.790 ,1581.057 ,1614.879 ,1658.156 ,0.955 ,0.983 ,0.996 ,1.011 ,1.014 ,1.068 ,0.986 ,1.085 ,
1081.753 ,1125.407 ,1257.506 ,1305.243 ,1335.249 ,1441.865 ,1583.477 ,1610.056 ,1658.156 ,0.993 ,0.985 ,0.990 ,1.011 ,1.012 ,1.036 ,1.000 ,1.050 ,
1084.327 ,1127.968 ,1254.986 ,1302.738 ,1335.249 ,1441.865 ,1583.477 ,1614.879 ,1658.156 ,0.977 ,0.976 ,1.010 ,1.024 ,1.040 ,1.066 ,1.012 ,1.079 ,
1089.474 ,1127.968 ,1257.506 ,1302.738 ,1335.249 ,1444.328 ,1583.477 ,1612.468 ,1658.156 ,0.980 ,0.979 ,0.984 ,1.000 ,1.000 ,1.023 ,1.000 ,1.043 ,
1089.474 ,1130.528 ,1257.506 ,1300.232 ,1340.239 ,1441.865 ,1583.477 ,1614.879 ,1658.156 ,0.987 ,0.982 ,1.000 ,1.010 ,0.998 ,1.029 ,0.994 ,1.039 ,
1089.474 ,1125.407 ,1257.506 ,1302.738 ,1332.753 ,1444.328 ,1583.477 ,1610.056 ,1658.156 ,0.949 ,0.947 ,0.969 ,0.998 ,0.989 ,1.048 ,0.986 ,1.060 ,
1086.901 ,1127.968 ,1254.986 ,1302.738 ,1335.249 ,1446.790 ,1581.057 ,1612.468 ,1658.156 ,1.000 ,0.989 ,1.028 ,1.038 ,1.032 ,1.099 ,0.997 ,1.107 ,
1086.901 ,1127.968 ,1257.506 ,1302.738 ,1335.249 ,1446.790 ,1581.057 ,1614.879 ,1660.553 ,0.978 ,0.980 ,0.998 ,1.025 ,1.018 ,1.062 ,1.012 ,1.087 ,
1084.327 ,1127.968 ,1257.506 ,1302.738 ,1332.753 ,1446.790 ,1581.057 ,1610.056 ,1660.553 ,0.974 ,0.988 ,0.992 ,1.012 ,1.007 ,1.029 ,1.005 ,1.060 ,
1084.327 ,1125.407 ,1257.506 ,1302.738 ,1335.249 ,1441.865 ,1583.477 ,1612.468 ,1658.156 ,0.953 ,0.964 ,0.997 ,1.025 ,1.024 ,1.103 ,0.996 ,1.131 ,
1084.327 ,1130.528 ,1254.986 ,1302.738 ,1332.753 ,1441.865 ,1581.057 ,1610.056 ,1658.156 ,0.972 ,0.981 ,0.998 ,1.008 ,1.009 ,1.047 ,1.000 ,1.050 ,
1081.753 ,1127.968 ,1257.506 ,1302.738 ,1335.249 ,1444.328 ,1581.057 ,1614.879 ,1658.156 ,0.995 ,0.972 ,1.020 ,1.046 ,1.019 ,1.123 ,1.002 ,1.149 ,
1086.901 ,1127.968 ,1257.506 ,1305.243 ,1335.249 ,1444.328 ,1583.477 ,1610.056 ,1658.156 ,0.968 ,0.969 ,0.995 ,1.010 ,1.007 ,1.057 ,1.003 ,1.071 ,
1089.474 ,1127.968 ,1257.506 ,1302.738 ,1332.753 ,1441.865 ,1581.057 ,1614.879 ,1658.156 ,0.985 ,0.994 ,1.010 ,1.028 ,1.020 ,1.073 ,0.989 ,1.080 ,
1081.753 ,1127.968 ,1254.986 ,1302.738 ,1335.249 ,1444.328 ,1583.477 ,1614.879 ,1658.156 ,1.010 ,1.012 ,1.036 ,1.064 ,1.049 ,1.136 ,1.005 ,1.140 ,
1086.901 ,1125.407 ,1257.506 ,1302.738 ,1335.249 ,1444.328 ,1583.477 ,1610.056 ,1658.156 ,0.976 ,0.992 ,1.006 ,1.047 ,1.033 ,1.106 ,0.984 ,1.103 ,
1086.901 ,1125.407 ,1257.506 ,1302.738 ,1335.249 ,1446.790 ,1581.057 ,1610.056 ,1658.156 ,1.004 ,1.019 ,1.036 ,1.056 ,1.046 ,1.110 ,0.999 ,1.117 ,
1081.753 ,1125.407 ,1257.506 ,1302.738 ,1335.249 ,1446.790 ,1581.057 ,1614.879 ,1658.156 ,0.998 ,1.017 ,1.038 ,1.068 ,1.064 ,1.126 ,0.994 ,1.118 ,
1086.901 ,1127.968 ,1257.506 ,1302.738 ,1335.249 ,1446.790 ,1581.057 ,1614.879 ,1658.156 ,0.980 ,0.983 ,1.003 ,1.027 ,1.016 ,1.082 ,1.004 ,1.089 ,
1081.753 ,1125.407 ,1257.506 ,1302.738 ,1332.753 ,1444.328 ,1581.057 ,1614.879 ,1658.156 ,0.996 ,1.005 ,1.032 ,1.062 ,1.066 ,1.127 ,1.017 ,1.131 ,
1081.753 ,1125.407 ,1257.506 ,1302.738 ,1335.249 ,1441.865 ,1581.057 ,1614.879 ,1658.156 ,0.995 ,0.999 ,1.046 ,1.070 ,1.071 ,1.135 ,1.018 ,1.132 ,
1089.474 ,1125.407 ,1254.986 ,1302.738 ,1335.249 ,1446.790 ,1583.477 ,1610.056 ,1658.156 ,1.002 ,0.991 ,1.052 ,1.080 ,1.071 ,1.137 ,0.998 ,1.156 ,
1081.753 ,1127.968 ,1257.506 ,1302.738 ,1335.249 ,1441.865 ,1581.057 ,1614.879 ,1658.156 ,0.970 ,0.970 ,1.011 ,1.028 ,1.036 ,1.087 ,0.994 ,1.108 ,
1086.901 ,1125.407 ,1257.506 ,1302.738 ,1332.753 ,1441.865 ,1581.057 ,1614.879 ,1658.156 ,0.975 ,1.001 ,1.012 ,1.041 ,1.041 ,1.085 ,0.986 ,1.104 ,
1089.474 ,1125.407 ,1257.506 ,1302.738 ,1332.753 ,1441.865 ,1581.057 ,1612.468 ,1658.156 ,1.006 ,0.993 ,1.023 ,1.053 ,1.029 ,1.117 ,1.011 ,1.121 ,
1084.327 ,1127.968 ,1257.506 ,1302.738 ,1335.249 ,1441.865 ,1581.057 ,1610.056 ,1658.156 ,0.990 ,0.984 ,1.004 ,1.024 ,1.024 ,1.080 ,1.002 ,1.085 ,
1086.901 ,1127.968 ,1257.506 ,1302.738 ,1335.249 ,1441.865 ,1581.057 ,1614.879 ,1658.156 ,1.016 ,1.011 ,1.035 ,1.053 ,1.038 ,1.105 ,1.006 ,1.115 ,
1084.327 ,1127.968 ,1254.986 ,1302.738 ,1335.249 ,1444.328 ,1583.477 ,1610.056 ,1658.156 ,0.959 ,0.969 ,0.997 ,1.028 ,1.023 ,1.082 ,0.995 ,1.114 ,
1084.327 ,1127.968 ,1254.986 ,1302.738 ,1335.249 ,1446.790 ,1581.057 ,1614.879 ,1658.156 ,0.994 ,0.990 ,1.040 ,1.056 ,1.059 ,1.108 ,1.009 ,1.134 ,
1089.474 ,1127.968 ,1254.986 ,1302.738 ,1335.249 ,1444.328 ,1581.057 ,1614.879 ,1658.156 ,0.979 ,0.993 ,1.024 ,1.050 ,1.049 ,1.093 ,1.008 ,1.121 ,
1086.901 ,1125.407 ,1254.986 ,1302.738 ,1332.753 ,1446.790 ,1583.477 ,1614.879 ,1658.156 ,0.999 ,1.003 ,1.028 ,1.059 ,1.055 ,1.131 ,0.988 ,1.140 ,
1081.753 ,1127.968 ,1257.506 ,1302.738 ,1332.753 ,1446.790 ,1583.477 ,1614.879 ,1658.156 ,1.001 ,1.002 ,1.032 ,1.068 ,1.048 ,1.113 ,1.006 ,1.114 ,
1084.327 ,1127.968 ,1257.506 ,1302.738 ,1335.249 ,1441.865 ,1581.057 ,1610.056 ,1658.156 ,0.967 ,0.964 ,0.982 ,1.000 ,0.995 ,1.040 ,1.007 ,1.054 ,
1084.327 ,1127.968 ,1257.506 ,1302.738 ,1332.753 ,1444.328 ,1583.477 ,1614.879 ,1658.156 ,0.983 ,0.986 ,1.001 ,1.011 ,1.017 ,1.045 ,1.001 ,1.055 ,
1086.901 ,1125.407 ,1254.986 ,1302.738 ,1335.249 ,1444.328 ,1583.477 ,1614.879 ,1658.156 ,0.960 ,0.969 ,0.990 ,1.001 ,0.998 ,1.027 ,1.003 ,1.054 ,
1084.327 ,1127.968 ,1257.506 ,1302.738 ,1335.249 ,1444.328 ,1583.477 ,1610.056 ,1658.156 ,0.958 ,0.952 ,0.984 ,0.997 ,0.993 ,1.035 ,0.990 ,1.051 ,
1081.753 ,1125.407 ,1257.506 ,1302.738 ,1332.753 ,1441.865 ,1581.057 ,1614.879 ,1658.156 ,0.996 ,1.000 ,1.035 ,1.071 ,1.061 ,1.139 ,1.003 ,1.151 ,
1084.327 ,1127.968 ,1257.506 ,1302.738 ,1335.249 ,1441.865 ,1581.057 ,1614.879 ,1658.156 ,0.982 ,0.983 ,1.019 ,1.047 ,1.036 ,1.089 ,1.008 ,1.095 ,
1084.327 ,1127.968 ,1257.506 ,1302.738 ,1335.249 ,1444.328 ,1581.057 ,1614.879 ,1658.156 ,0.962 ,0.953 ,0.987 ,1.007 ,1.002 ,1.083 ,1.011 ,1.115 ,
1084.327 ,1127.968 ,1257.506 ,1302.738 ,1335.249 ,1446.790 ,1581.057 ,1610.056 ,1658.156 ,0.980 ,0.976 ,0.998 ,1.016 ,1.020 ,1.067 ,1.003 ,1.072 ,
1086.901 ,1127.968 ,1257.506 ,1302.738 ,1332.753 ,1444.328 ,1581.057 ,1614.879 ,1658.156 ,0.962 ,0.966 ,1.005 ,1.043 ,1.026 ,1.119 ,1.005 ,1.152 ,
1081.753 ,1127.968 ,1257.506 ,1302.738 ,1335.249 ,1446.790 ,1581.057 ,1610.056 ,1658.156 ,0.949 ,0.942 ,1.007 ,1.017 ,1.025 ,1.094 ,1.008 ,1.118 ,
1081.753 ,1127.968 ,1257.506 ,1302.738 ,1335.249 ,1441.865 ,1581.057 ,1614.879 ,1658.156 ,0.965 ,0.972 ,0.988 ,1.024 ,1.029 ,1.095 ,1.002 ,1.108 ,
1081.753 ,1127.968 ,1257.506 ,1302.738 ,1335.249 ,1444.328 ,1581.057 ,1614.879 ,1658.156 ,0.951 ,0.950 ,1.001 ,1.040 ,1.036 ,1.106 ,0.999 ,1.122 ,
1086.901 ,1127.968 ,1257.506 ,1302.738 ,1332.753 ,1444.328 ,1581.057 ,1614.879 ,1658.156 ,0.971 ,0.975 ,1.003 ,1.026 ,1.025 ,1.077 ,0.994 ,1.094 ,
1086.901 ,1127.968 ,1257.506 ,1302.738 ,1335.249 ,1441.865 ,1581.057 ,1614.879 ,1658.156 ,0.981 ,0.981 ,1.006 ,1.036 ,1.026 ,1.086 ,1.002 ,1.095 ,
1086.901 ,1127.968 ,1257.506 ,1302.738 ,1335.249 ,1441.865 ,1581.057 ,1610.056 ,1658.156 ,0.974 ,0.977 ,1.018 ,1.053 ,1.035 ,1.114 ,0.986 ,1.116 ,
1086.901 ,1127.968 ,1257.506 ,1302.738 ,1335.249 ,1446.790 ,1581.057 ,1614.879 ,1658.156 ,0.953 ,0.962 ,0.991 ,1.036 ,1.015 ,1.110 ,0.986 ,1.108 ,
1084.327 ,1127.968 ,1257.506 ,1302.738 ,1332.753 ,1446.790 ,1581.057 ,1612.468 ,1658.156 ,1.003 ,1.006 ,1.037 ,1.057 ,1.071 ,1.100 ,0.992 ,1.099 ,
1084.327 ,1127.968 ,1257.506 ,1302.738 ,1332.753 ,1441.865 ,1583.477 ,1610.056 ,1658.156 ,0.994 ,0.978 ,1.021 ,1.047 ,1.053 ,1.108 ,0.999 ,1.123 ,
1084.327 ,1127.968 ,1257.506 ,1302.738 ,1335.249 ,1444.328 ,1581.057 ,1614.879 ,1658.156 ,0.996 ,0.985 ,1.022 ,1.061 ,1.047 ,1.114 ,1.003 ,1.127 ,
1084.327 ,1127.968 ,1257.506 ,1302.738 ,1335.249 ,1446.790 ,1581.057 ,1610.056 ,1658.156 ,0.980 ,0.975 ,1.016 ,1.049 ,1.049 ,1.122 ,0.990 ,1.133 ,
1084.327 ,1127.968 ,1257.506 ,1302.738 ,1335.249 ,1446.790 ,1581.057 ,1614.879 ,1658.156 ,0.960 ,0.961 ,1.012 ,1.040 ,1.053 ,1.119 ,1.007 ,1.132 ,
1077.535 ,1126.432 ,1261.287 ,1301.559 ,1339.132 ,1450.807 ,1575.515 ,1619.068 ,1655.181 ,0.932 ,0.987 ,1.057 ,1.146 ,1.134 ,1.337 ,0.990 ,1.316 ,
1077.535 ,1126.432 ,1261.287 ,1301.559 ,1339.132 ,1450.807 ,1575.515 ,1619.068 ,1655.181 ,0.901 ,0.915 ,1.021 ,1.119 ,1.130 ,1.215 ,0.973 ,1.243 ,
1077.535 ,1126.432 ,1261.287 ,1299.048 ,1334.133 ,1450.807 ,1577.941 ,1621.481 ,1655.181 ,0.963 ,0.992 ,1.039 ,1.132 ,1.139 ,1.259 ,0.979 ,1.273 ,
1077.535 ,1123.866 ,1261.287 ,1299.048 ,1336.633 ,1448.342 ,1575.515 ,1619.068 ,1655.181 ,0.933 ,0.916 ,1.045 ,1.146 ,1.113 ,1.277 ,0.961 ,1.264 ,
1077.535 ,1126.432 ,1261.287 ,1299.048 ,1336.633 ,1450.807 ,1577.941 ,1616.655 ,1657.583 ,0.932 ,0.931 ,1.105 ,1.137 ,1.174 ,1.247 ,0.956 ,1.263 ,
1080.116 ,1123.866 ,1261.287 ,1299.048 ,1339.132 ,1448.342 ,1573.089 ,1614.241 ,1655.181 ,0.954 ,0.947 ,1.097 ,1.149 ,1.165 ,1.337 ,1.006 ,1.327 ,
1080.116 ,1123.866 ,1261.287 ,1299.048 ,1336.633 ,1450.807 ,1577.941 ,1619.068 ,1652.778 ,1.051 ,1.053 ,1.233 ,1.281 ,1.267 ,1.495 ,1.021 ,1.470 ,
1080.116 ,1126.432 ,1261.287 ,1299.048 ,1334.133 ,1450.807 ,1577.941 ,1614.241 ,1657.583 ,0.975 ,1.011 ,1.125 ,1.209 ,1.195 ,1.392 ,1.008 ,1.347 ,
1080.116 ,1126.432 ,1261.287 ,1299.048 ,1334.133 ,1450.807 ,1573.089 ,1616.655 ,1655.181 ,0.921 ,0.923 ,1.023 ,1.079 ,1.068 ,1.210 ,0.975 ,1.236 ,
1074.953 ,1123.866 ,1261.287 ,1296.536 ,1339.132 ,1448.342 ,1577.941 ,1616.655 ,1657.583 ,0.935 ,0.951 ,1.093 ,1.162 ,1.174 ,1.341 ,0.993 ,1.347 ,
1074.953 ,1126.432 ,1261.287 ,1299.048 ,1339.132 ,1450.807 ,1575.515 ,1614.241 ,1657.583 ,1.002 ,0.982 ,1.134 ,1.188 ,1.172 ,1.381 ,1.011 ,1.358 ,
1080.116 ,1126.432 ,1261.287 ,1299.048 ,1334.133 ,1448.342 ,1575.515 ,1619.068 ,1657.583 ,0.970 ,0.969 ,1.140 ,1.209 ,1.210 ,1.363 ,0.993 ,1.355 ,
1080.116 ,1123.866 ,1261.287 ,1299.048 ,1334.133 ,1450.807 ,1575.515 ,1614.241 ,1655.181 ,1.004 ,0.979 ,1.165 ,1.243 ,1.240 ,1.401 ,0.940 ,1.382 ,
1080.116 ,1126.432 ,1261.287 ,1296.536 ,1334.133 ,1450.807 ,1573.089 ,1621.481 ,1655.181 ,0.968 ,0.957 ,1.116 ,1.162 ,1.183 ,1.326 ,0.985 ,1.304 ,
1080.116 ,1126.432 ,1261.287 ,1299.048 ,1336.633 ,1450.807 ,1575.515 ,1619.068 ,1655.181 ,1.002 ,1.009 ,1.103 ,1.192 ,1.145 ,1.312 ,0.992 ,1.310 ,
1080.116 ,1126.432 ,1261.287 ,1299.048 ,1334.133 ,1450.807 ,1575.515 ,1616.655 ,1655.181 ,1.074 ,1.051 ,1.216 ,1.292 ,1.261 ,1.524 ,1.021 ,1.475 ,
1074.953 ,1126.432 ,1261.287 ,1299.048 ,1336.633 ,1450.807 ,1577.941 ,1616.655 ,1655.181 ,0.927 ,0.954 ,1.049 ,1.124 ,1.124 ,1.296 ,0.948 ,1.256 ,
1080.116 ,1126.432 ,1261.287 ,1299.048 ,1334.133 ,1450.807 ,1575.515 ,1619.068 ,1655.181 ,0.932 ,0.929 ,0.979 ,1.110 ,1.089 ,1.187 ,0.983 ,1.213 ,
1077.535 ,1126.432 ,1261.287 ,1296.536 ,1336.633 ,1450.807 ,1577.941 ,1614.241 ,1655.181 ,0.977 ,0.976 ,1.114 ,1.181 ,1.170 ,1.339 ,0.994 ,1.331 ,
1080.116 ,1126.432 ,1261.287 ,1299.048 ,1339.132 ,1450.807 ,1577.941 ,1619.068 ,1655.181 ,0.961 ,0.978 ,1.098 ,1.187 ,1.165 ,1.279 ,0.971 ,1.305 ,
1080.116 ,1126.432 ,1261.287 ,1299.048 ,1336.633 ,1450.807 ,1577.941 ,1614.241 ,1655.181 ,1.102 ,1.103 ,1.227 ,1.382 ,1.293 ,1.576 ,1.028 ,1.503 ,
1080.116 ,1123.866 ,1261.287 ,1299.048 ,1336.633 ,1450.807 ,1577.941 ,1614.241 ,1655.181 ,0.956 ,0.982 ,1.091 ,1.161 ,1.145 ,1.288 ,0.967 ,1.259 ,
1074.953 ,1123.866 ,1261.287 ,1299.048 ,1339.132 ,1450.807 ,1577.941 ,1614.241 ,1655.181 ,0.969 ,0.975 ,1.087 ,1.130 ,1.088 ,1.269 ,1.014 ,1.265 ,
1077.535 ,1126.432 ,1261.287 ,1299.048 ,1339.132 ,1450.807 ,1577.941 ,1614.241 ,1655.181 ,0.989 ,0.992 ,1.069 ,1.139 ,1.140 ,1.304 ,0.983 ,1.304 ,
1080.116 ,1126.432 ,1261.287 ,1299.048 ,1336.633 ,1450.807 ,1573.089 ,1619.068 ,1655.181 ,0.991 ,1.005 ,1.156 ,1.213 ,1.231 ,1.411 ,0.968 ,1.349 ,
1077.535 ,1126.432 ,1261.287 ,1299.048 ,1336.633 ,1450.807 ,1577.941 ,1616.655 ,1655.181 ,0.931 ,0.988 ,1.051 ,1.107 ,1.077 ,1.208 ,1.009 ,1.201 ,
1074.953 ,1123.866 ,1261.287 ,1299.048 ,1339.132 ,1450.807 ,1575.515 ,1616.655 ,1655.181 ,0.932 ,0.934 ,1.138 ,1.168 ,1.195 ,1.276 ,0.952 ,1.298 ,
1077.535 ,1126.432 ,1261.287 ,1299.048 ,1336.633 ,1450.807 ,1573.089 ,1619.068 ,1655.181 ,0.950 ,0.981 ,1.035 ,1.105 ,1.072 ,1.232 ,0.978 ,1.204 ,
1080.116 ,1126.432 ,1261.287 ,1294.024 ,1336.633 ,1450.807 ,1575.515 ,1614.241 ,1657.583 ,0.955 ,0.956 ,1.035 ,1.058 ,1.078 ,1.138 ,0.995 ,1.159 ,
1077.535 ,1123.866 ,1261.287 ,1299.048 ,1334.133 ,1450.807 ,1577.941 ,1616.655 ,1655.181 ,0.916 ,0.940 ,1.051 ,1.080 ,1.093 ,1.201 ,0.975 ,1.180 ,
1074.953 ,1126.432 ,1261.287 ,1299.048 ,1339.132 ,1450.807 ,1575.515 ,1616.655 ,1655.181 ,0.944 ,0.962 ,1.045 ,1.087 ,1.105 ,1.179 ,0.955 ,1.191 ,
1080.116 ,1126.432 ,1261.287 ,1299.048 ,1336.633 ,1448.342 ,1577.941 ,1614.241 ,1655.181 ,0.985 ,1.001 ,1.085 ,1.094 ,1.091 ,1.226 ,0.977 ,1.222 ,
1077.535 ,1126.432 ,1261.287 ,1299.048 ,1336.633 ,1450.807 ,1577.941 ,1619.068 ,1657.583 ,0.941 ,0.945 ,1.021 ,1.076 ,1.085 ,1.215 ,0.975 ,1.197 ,
1080.116 ,1126.432 ,1261.287 ,1299.048 ,1334.133 ,1450.807 ,1573.089 ,1619.068 ,1655.181 ,0.948 ,0.958 ,1.166 ,1.180 ,1.232 ,1.274 ,0.990 ,1.315 ,
1072.371 ,1126.432 ,1261.287 ,1299.048 ,1339.132 ,1450.807 ,1577.941 ,1621.481 ,1657.583 ,0.925 ,0.973 ,1.030 ,1.060 ,1.074 ,1.137 ,1.008 ,1.178 ,
1080.116 ,1126.432 ,1261.287 ,1299.048 ,1341.631 ,1450.807 ,1577.941 ,1616.655 ,1657.583 ,0.935 ,0.966 ,1.018 ,1.073 ,1.068 ,1.155 ,0.951 ,1.151 ,
1077.535 ,1126.432 ,1261.287 ,1299.048 ,1334.133 ,1448.342 ,1577.941 ,1616.655 ,1652.778 ,0.907 ,0.908 ,1.021 ,1.114 ,1.072 ,1.259 ,0.991 ,1.243 ,
1072.371 ,1126.432 ,1261.287 ,1299.048 ,1336.633 ,1448.342 ,1577.941 ,1616.655 ,1652.778 ,0.912 ,0.927 ,1.024 ,1.120 ,1.100 ,1.249 ,0.994 ,1.253 ,
1077.535 ,1126.432 ,1261.287 ,1299.048 ,1334.133 ,1450.807 ,1575.515 ,1619.068 ,1655.181 ,0.951 ,0.974 ,1.076 ,1.140 ,1.133 ,1.335 ,1.008 ,1.289 ,
1077.535 ,1123.866 ,1261.287 ,1299.048 ,1339.132 ,1450.807 ,1577.941 ,1616.655 ,1655.181 ,0.949 ,0.959 ,1.075 ,1.138 ,1.078 ,1.305 ,0.951 ,1.271 ,
1080.116 ,1126.432 ,1261.287 ,1299.048 ,1339.132 ,1448.342 ,1577.941 ,1619.068 ,1655.181 ,0.924 ,0.955 ,1.081 ,1.132 ,1.115 ,1.287 ,0.957 ,1.246 ,
1077.535 ,1123.866 ,1261.287 ,1299.048 ,1336.633 ,1450.807 ,1575.515 ,1621.481 ,1657.583 ,0.891 ,0.932 ,1.045 ,1.121 ,1.135 ,1.257 ,0.996 ,1.292 ,
1077.535 ,1126.432 ,1261.287 ,1299.048 ,1336.633 ,1448.342 ,1577.941 ,1619.068 ,1657.583 ,0.897 ,0.925 ,0.991 ,1.046 ,1.044 ,1.160 ,0.996 ,1.195 ,
1080.116 ,1126.432 ,1261.287 ,1296.536 ,1334.133 ,1450.807 ,1577.941 ,1614.241 ,1655.181 ,1.002 ,1.048 ,1.107 ,1.194 ,1.178 ,1.428 ,0.991 ,1.331 ,
1077.535 ,1123.866 ,1261.287 ,1299.048 ,1339.132 ,1450.807 ,1575.515 ,1616.655 ,1655.181 ,1.026 ,1.034 ,1.114 ,1.223 ,1.186 ,1.362 ,1.013 ,1.368 ,
1074.953 ,1126.432 ,1261.287 ,1299.048 ,1339.132 ,1450.807 ,1577.941 ,1616.655 ,1657.583 ,0.912 ,0.939 ,1.048 ,1.125 ,1.079 ,1.259 ,1.005 ,1.258 ,
1074.953 ,1123.866 ,1261.287 ,1299.048 ,1339.132 ,1448.342 ,1577.941 ,1619.068 ,1655.181 ,0.884 ,0.925 ,0.985 ,1.048 ,1.046 ,1.158 ,0.992 ,1.212 ,
1074.953 ,1123.866 ,1261.287 ,1299.048 ,1339.132 ,1448.342 ,1577.941 ,1619.068 ,1655.181 ,0.884 ,0.925 ,0.985 ,1.048 ,1.046 ,1.158 ,0.992 ,1.212 ,
1080.116 ,1126.432 ,1261.287 ,1299.048 ,1334.133 ,1450.807 ,1577.941 ,1614.241 ,1652.778 ,0.914 ,0.943 ,1.022 ,1.079 ,1.055 ,1.189 ,0.974 ,1.189 ,
1080.116 ,1123.866 ,1261.287 ,1299.048 ,1339.132 ,1450.807 ,1575.515 ,1616.655 ,1655.181 ,0.998 ,1.003 ,1.115 ,1.202 ,1.145 ,1.378 ,1.051 ,1.375 ,
1074.953 ,1126.432 ,1261.287 ,1299.048 ,1334.133 ,1450.807 ,1577.941 ,1619.068 ,1655.181 ,0.962 ,0.979 ,1.086 ,1.155 ,1.192 ,1.302 ,1.023 ,1.296 ,
1080.116 ,1126.432 ,1261.287 ,1299.048 ,1339.132 ,1450.807 ,1577.941 ,1616.655 ,1657.583 ,0.878 ,0.911 ,1.025 ,1.077 ,1.095 ,1.199 ,0.948 ,1.217 ,
1077.535 ,1126.432 ,1261.287 ,1299.048 ,1339.132 ,1450.807 ,1577.941 ,1621.481 ,1657.583 ,0.971 ,1.017 ,1.130 ,1.208 ,1.189 ,1.397 ,1.026 ,1.379 ,
1074.953 ,1126.432 ,1261.287 ,1299.048 ,1336.633 ,1448.342 ,1577.941 ,1614.241 ,1655.181 ,0.975 ,0.976 ,1.085 ,1.183 ,1.150 ,1.351 ,0.992 ,1.319 ,
1080.116 ,1126.432 ,1261.287 ,1299.048 ,1334.133 ,1450.807 ,1575.515 ,1616.655 ,1657.583 ,0.928 ,0.991 ,1.112 ,1.178 ,1.185 ,1.297 ,0.984 ,1.313 ,
1080.116 ,1123.866 ,1261.287 ,1299.048 ,1336.633 ,1450.807 ,1580.366 ,1616.655 ,1655.181 ,0.967 ,0.998 ,1.086 ,1.210 ,1.156 ,1.344 ,0.983 ,1.370 ,
1074.953 ,1126.432 ,1261.287 ,1299.048 ,1339.132 ,1448.342 ,1577.941 ,1619.068 ,1657.583 ,0.898 ,0.918 ,1.022 ,1.070 ,1.070 ,1.225 ,1.022 ,1.237 ,
1077.535 ,1123.866 ,1261.287 ,1299.048 ,1339.132 ,1450.807 ,1575.515 ,1614.241 ,1655.181 ,0.953 ,0.985 ,1.083 ,1.159 ,1.115 ,1.283 ,1.009 ,1.315 ,
1074.953 ,1126.432 ,1261.287 ,1299.048 ,1339.132 ,1448.342 ,1573.089 ,1621.481 ,1657.583 ,0.855 ,0.882 ,0.934 ,0.963 ,0.983 ,1.057 ,1.002 ,1.093 ,
1074.953 ,1126.432 ,1261.287 ,1299.048 ,1336.633 ,1450.807 ,1575.515 ,1619.068 ,1655.181 ,0.885 ,0.923 ,1.019 ,1.067 ,1.091 ,1.221 ,1.017 ,1.236 ,
1077.535 ,1126.432 ,1263.810 ,1299.048 ,1339.132 ,1448.342 ,1577.941 ,1616.655 ,1655.181 ,0.973 ,0.987 ,1.113 ,1.151 ,1.155 ,1.297 ,0.996 ,1.271 ,
1077.535 ,1126.432 ,1261.287 ,1299.048 ,1336.633 ,1450.807 ,1577.941 ,1616.655 ,1655.181 ,0.898 ,0.934 ,1.048 ,1.114 ,1.112 ,1.227 ,0.987 ,1.250 ,
1074.953 ,1123.866 ,1261.287 ,1296.536 ,1336.633 ,1448.342 ,1573.089 ,1619.068 ,1655.181 ,1.006 ,1.019 ,1.169 ,1.173 ,1.212 ,1.381 ,1.014 ,1.328 ,
1080.116 ,1126.432 ,1261.287 ,1299.048 ,1339.132 ,1450.807 ,1577.941 ,1616.655 ,1657.583 ,0.907 ,0.926 ,1.048 ,1.074 ,1.107 ,1.258 ,1.025 ,1.293 ,
1074.953 ,1126.432 ,1261.287 ,1299.048 ,1336.633 ,1450.807 ,1575.515 ,1616.655 ,1655.181 ,0.969 ,1.007 ,1.173 ,1.239 ,1.244 ,1.373 ,1.011 ,1.337 ,
1077.535 ,1126.432 ,1261.287 ,1299.048 ,1339.132 ,1448.342 ,1575.515 ,1616.655 ,1657.583 ,0.870 ,0.916 ,0.957 ,1.004 ,1.036 ,1.099 ,0.986 ,1.120 ,
1074.953 ,1126.432 ,1263.810 ,1299.048 ,1339.132 ,1450.807 ,1577.941 ,1616.655 ,1655.181 ,0.883 ,0.909 ,0.957 ,1.027 ,1.020 ,1.175 ,1.009 ,1.195 ,
1080.116 ,1126.432 ,1261.287 ,1299.048 ,1339.132 ,1450.807 ,1577.941 ,1616.655 ,1657.583 ,0.944 ,0.948 ,1.056 ,1.130 ,1.107 ,1.295 ,1.028 ,1.270 ,
1080.116 ,1123.866 ,1263.810 ,1299.048 ,1336.633 ,1448.342 ,1577.941 ,1616.655 ,1655.181 ,0.943 ,0.947 ,1.124 ,1.174 ,1.205 ,1.318 ,1.002 ,1.326 ,
1080.116 ,1123.866 ,1261.287 ,1299.048 ,1336.633 ,1450.807 ,1577.941 ,1614.241 ,1657.583 ,0.969 ,0.980 ,1.053 ,1.160 ,1.111 ,1.310 ,0.980 ,1.288 ,
1080.116 ,1123.866 ,1261.287 ,1299.048 ,1336.633 ,1450.807 ,1577.941 ,1616.655 ,1655.181 ,0.911 ,0.949 ,1.039 ,1.120 ,1.089 ,1.298 ,1.009 ,1.278 ,
1074.953 ,1126.432 ,1263.810 ,1299.048 ,1336.633 ,1448.342 ,1573.089 ,1614.241 ,1655.181 ,0.906 ,0.940 ,1.034 ,1.121 ,1.085 ,1.245 ,0.950 ,1.249 ,
1072.371 ,1126.432 ,1263.810 ,1299.048 ,1334.133 ,1450.807 ,1577.941 ,1616.655 ,1657.583 ,0.974 ,0.983 ,1.143 ,1.207 ,1.245 ,1.365 ,1.007 ,1.366 ,
1080.116 ,1126.432 ,1261.287 ,1299.048 ,1339.132 ,1448.342 ,1577.941 ,1619.068 ,1657.583 ,0.922 ,0.951 ,1.064 ,1.102 ,1.114 ,1.234 ,0.989 ,1.265 ,
1074.953 ,1126.432 ,1261.287 ,1299.048 ,1339.132 ,1450.807 ,1573.089 ,1616.655 ,1657.583 ,0.971 ,0.965 ,1.077 ,1.177 ,1.181 ,1.300 ,0.992 ,1.286 ,
1080.116 ,1123.866 ,1261.287 ,1299.048 ,1339.132 ,1450.807 ,1577.941 ,1621.481 ,1655.181 ,0.899 ,0.935 ,1.024 ,1.089 ,1.070 ,1.174 ,0.980 ,1.214 ,
1074.953 ,1126.432 ,1263.810 ,1299.048 ,1331.632 ,1448.342 ,1577.941 ,1619.068 ,1657.583 ,0.969 ,0.992 ,1.071 ,1.172 ,1.130 ,1.303 ,0.979 ,1.277 ,
1074.953 ,1126.432 ,1263.810 ,1299.048 ,1334.133 ,1450.807 ,1577.941 ,1616.655 ,1655.181 ,0.981 ,0.989 ,1.130 ,1.213 ,1.195 ,1.378 ,0.963 ,1.306 ,
1074.953 ,1123.866 ,1263.810 ,1299.048 ,1336.633 ,1450.807 ,1577.941 ,1616.655 ,1655.181 ,0.883 ,0.919 ,1.037 ,1.098 ,1.101 ,1.205 ,0.972 ,1.242 ,
1077.535 ,1123.866 ,1263.810 ,1299.048 ,1336.633 ,1450.807 ,1577.941 ,1619.068 ,1655.181 ,0.931 ,0.963 ,1.064 ,1.161 ,1.117 ,1.288 ,0.976 ,1.274 ,
1074.953 ,1123.866 ,1263.810 ,1299.048 ,1331.632 ,1448.342 ,1573.089 ,1614.241 ,1655.181 ,0.995 ,1.005 ,1.165 ,1.226 ,1.240 ,1.394 ,0.970 ,1.376 ,
1080.116 ,1126.432 ,1263.810 ,1299.048 ,1334.133 ,1450.807 ,1573.089 ,1614.241 ,1655.181 ,0.951 ,0.939 ,1.016 ,1.103 ,1.084 ,1.288 ,1.023 ,1.292 ,
1080.116 ,1126.432 ,1253.714 ,1296.536 ,1331.632 ,1450.807 ,1575.515 ,1614.241 ,1657.583 ,0.863 ,0.851 ,0.960 ,0.979 ,1.045 ,1.143 ,0.989 ,1.225 ,
1077.535 ,1126.432 ,1261.287 ,1299.048 ,1339.132 ,1450.807 ,1577.941 ,1616.655 ,1655.181 ,0.849 ,0.875 ,0.960 ,1.021 ,1.032 ,1.166 ,0.997 ,1.207 ,
1077.535 ,1126.432 ,1261.287 ,1299.048 ,1336.633 ,1450.807 ,1577.941 ,1616.655 ,1655.181 ,0.870 ,0.927 ,1.005 ,1.078 ,1.085 ,1.245 ,0.977 ,1.231 ,
1080.116 ,1126.432 ,1261.287 ,1299.048 ,1334.133 ,1450.807 ,1573.089 ,1619.068 ,1657.583 ,0.928 ,0.955 ,1.072 ,1.148 ,1.144 ,1.300 ,0.953 ,1.253 ,
1072.371 ,1126.432 ,1261.287 ,1296.536 ,1339.132 ,1450.807 ,1577.941 ,1619.068 ,1655.181 ,0.857 ,0.877 ,0.967 ,0.996 ,0.986 ,1.109 ,1.006 ,1.156 ,
1077.535 ,1123.866 ,1261.287 ,1296.536 ,1334.133 ,1450.807 ,1573.089 ,1619.068 ,1655.181 ,0.868 ,0.892 ,1.026 ,1.055 ,1.098 ,1.185 ,0.998 ,1.244 ,
1077.535 ,1123.866 ,1261.287 ,1299.048 ,1339.132 ,1448.342 ,1575.515 ,1614.241 ,1655.181 ,0.869 ,0.906 ,0.988 ,1.024 ,1.059 ,1.185 ,1.034 ,1.214 ,
1074.953 ,1126.432 ,1261.287 ,1299.048 ,1336.633 ,1450.807 ,1575.515 ,1619.068 ,1657.583 ,0.837 ,0.872 ,0.982 ,1.031 ,1.037 ,1.111 ,0.951 ,1.135 ,
1080.116 ,1126.432 ,1261.287 ,1299.048 ,1336.633 ,1450.807 ,1575.515 ,1619.068 ,1655.181 ,0.970 ,0.992 ,1.089 ,1.212 ,1.176 ,1.396 ,1.003 ,1.344 ,
1077.535 ,1123.866 ,1261.287 ,1299.048 ,1334.133 ,1450.807 ,1577.941 ,1614.241 ,1657.583 ,1.086 ,1.065 ,1.172 ,1.313 ,1.252 ,1.626 ,1.027 ,1.459 ,
1080.116 ,1126.432 ,1263.810 ,1299.048 ,1339.132 ,1450.807 ,1577.941 ,1616.655 ,1657.583 ,0.879 ,0.908 ,0.984 ,1.013 ,1.034 ,1.163 ,0.993 ,1.179 ,
1072.371 ,1126.432 ,1261.287 ,1299.048 ,1331.632 ,1448.342 ,1575.515 ,1616.655 ,1657.583 ,0.961 ,0.935 ,1.110 ,1.223 ,1.181 ,1.326 ,0.989 ,1.302 ,
1080.116 ,1126.432 ,1263.810 ,1299.048 ,1334.133 ,1450.807 ,1577.941 ,1614.241 ,1655.181 ,0.903 ,0.928 ,1.048 ,1.118 ,1.111 ,1.252 ,0.974 ,1.242 ,
1080.116 ,1126.432 ,1263.810 ,1299.048 ,1339.132 ,1450.807 ,1577.941 ,1619.068 ,1655.181 ,1.000 ,0.998 ,1.182 ,1.232 ,1.233 ,1.407 ,0.999 ,1.408 ,
1077.535 ,1126.432 ,1263.810 ,1299.048 ,1339.132 ,1450.807 ,1577.941 ,1619.068 ,1657.583 ,0.930 ,0.972 ,1.116 ,1.168 ,1.169 ,1.321 ,0.954 ,1.266 ,
1080.116 ,1126.432 ,1261.287 ,1299.048 ,1339.132 ,1450.807 ,1575.515 ,1614.241 ,1652.778 ,0.976 ,0.988 ,1.078 ,1.163 ,1.127 ,1.347 ,1.013 ,1.333 ,
1080.116 ,1126.432 ,1263.810 ,1299.048 ,1336.633 ,1450.807 ,1573.089 ,1614.241 ,1655.181 ,0.996 ,0.979 ,1.207 ,1.270 ,1.308 ,1.430 ,0.974 ,1.394 ,
1074.953 ,1123.866 ,1263.810 ,1299.048 ,1336.633 ,1450.807 ,1577.941 ,1616.655 ,1657.583 ,1.038 ,1.055 ,1.174 ,1.225 ,1.237 ,1.487 ,1.037 ,1.397 ,
1080.116 ,1123.866 ,1261.287 ,1299.048 ,1334.133 ,1450.807 ,1575.515 ,1614.241 ,1652.778 ,0.931 ,0.953 ,1.064 ,1.137 ,1.130 ,1.254 ,0.952 ,1.197 ,
1077.535 ,1126.432 ,1263.810 ,1299.048 ,1334.133 ,1450.807 ,1577.941 ,1614.241 ,1655.181 ,0.963 ,0.996 ,1.173 ,1.239 ,1.247 ,1.400 ,1.008 ,1.369 ,
1078.012 ,1123.827 ,1262.142 ,1299.877 ,1336.696 ,1448.758 ,1576.923 ,1617.938 ,1657.424 ,1.018 ,1.024 ,1.059 ,1.081 ,1.092 ,1.118 ,0.994 ,1.100 ,
1075.501 ,1125.791 ,1263.434 ,1297.125 ,1337.015 ,1449.886 ,1573.894 ,1616.012 ,1655.988 ,1.030 ,1.034 ,1.078 ,1.089 ,1.109 ,1.130 ,1.017 ,1.113 ,
1077.633 ,1126.387 ,1262.033 ,1296.038 ,1337.581 ,1450.109 ,1574.430 ,1615.618 ,1654.656 ,1.022 ,1.024 ,1.055 ,1.080 ,1.082 ,1.112 ,1.008 ,1.109 ,
1075.592 ,1125.039 ,1262.689 ,1296.038 ,1337.581 ,1448.212 ,1576.899 ,1617.455 ,1655.264 ,1.022 ,1.014 ,1.052 ,1.083 ,1.091 ,1.113 ,1.003 ,1.095 ,
1078.994 ,1126.387 ,1262.689 ,1299.296 ,1338.874 ,1450.109 ,1576.899 ,1618.679 ,1655.871 ,1.022 ,1.024 ,1.058 ,1.073 ,1.077 ,1.112 ,1.009 ,1.100 ,
1078.314 ,1125.039 ,1262.689 ,1299.947 ,1337.581 ,1449.477 ,1575.048 ,1616.231 ,1654.049 ,1.014 ,1.020 ,1.049 ,1.081 ,1.085 ,1.113 ,1.001 ,1.098 ,
1076.953 ,1125.039 ,1261.377 ,1297.993 ,1337.581 ,1449.477 ,1575.048 ,1616.231 ,1657.086 ,1.020 ,1.018 ,1.051 ,1.068 ,1.075 ,1.108 ,1.019 ,1.101 ,
1078.994 ,1125.713 ,1262.033 ,1297.341 ,1339.520 ,1449.477 ,1575.048 ,1618.067 ,1654.656 ,1.015 ,1.007 ,1.041 ,1.072 ,1.062 ,1.107 ,0.995 ,1.092 ,
1077.633 ,1124.365 ,1262.689 ,1299.296 ,1337.581 ,1449.477 ,1577.515 ,1616.231 ,1653.441 ,1.021 ,1.004 ,1.050 ,1.066 ,1.075 ,1.104 ,0.996 ,1.096 ,
1077.633 ,1123.691 ,1262.033 ,1299.947 ,1337.581 ,1448.845 ,1573.813 ,1619.902 ,1654.049 ,1.024 ,1.018 ,1.057 ,1.071 ,1.079 ,1.116 ,1.006 ,1.100 ,
1078.994 ,1125.713 ,1262.689 ,1297.993 ,1338.874 ,1450.109 ,1576.282 ,1618.067 ,1654.049 ,1.018 ,1.011 ,1.045 ,1.063 ,1.075 ,1.121 ,1.003 ,1.097 ,
1078.314 ,1125.039 ,1263.345 ,1299.947 ,1336.935 ,1450.109 ,1576.899 ,1618.067 ,1655.871 ,1.010 ,1.015 ,1.045 ,1.068 ,1.075 ,1.108 ,1.014 ,1.106 ,
1078.994 ,1123.017 ,1263.345 ,1297.993 ,1338.227 ,1450.109 ,1575.048 ,1617.455 ,1657.694 ,1.027 ,1.024 ,1.053 ,1.068 ,1.077 ,1.121 ,1.016 ,1.110 ,
1077.633 ,1125.039 ,1262.689 ,1298.645 ,1338.874 ,1450.109 ,1577.515 ,1618.067 ,1656.479 ,1.017 ,1.015 ,1.048 ,1.064 ,1.064 ,1.114 ,1.010 ,1.089 ,
1077.633 ,1125.713 ,1262.689 ,1297.993 ,1339.520 ,1448.845 ,1576.899 ,1618.679 ,1653.441 ,1.015 ,1.007 ,1.038 ,1.059 ,1.065 ,1.111 ,1.009 ,1.097 ,
1077.633 ,1125.039 ,1261.377 ,1299.947 ,1338.227 ,1449.477 ,1575.048 ,1619.902 ,1653.441 ,1.001 ,0.986 ,1.030 ,1.047 ,1.054 ,1.087 ,1.005 ,1.094 ,
1077.633 ,1125.713 ,1262.689 ,1299.296 ,1338.874 ,1450.109 ,1576.282 ,1618.067 ,1654.049 ,1.012 ,1.011 ,1.045 ,1.063 ,1.075 ,1.121 ,1.003 ,1.097 ,
1076.953 ,1125.039 ,1263.345 ,1298.645 ,1336.935 ,1448.845 ,1577.515 ,1618.067 ,1655.871 ,1.003 ,1.009 ,1.039 ,1.054 ,1.068 ,1.107 ,1.008 ,1.099 ,
1078.994 ,1124.365 ,1263.345 ,1297.993 ,1338.227 ,1450.109 ,1575.048 ,1617.455 ,1655.264 ,1.027 ,1.022 ,1.053 ,1.068 ,1.077 ,1.121 ,1.016 ,1.101 ,
1077.633 ,1125.713 ,1262.689 ,1298.645 ,1338.874 ,1450.109 ,1573.813 ,1616.231 ,1653.441 ,1.014 ,1.014 ,1.045 ,1.061 ,1.061 ,1.111 ,1.011 ,1.088 ,
1077.633 ,1125.713 ,1262.689 ,1297.993 ,1339.520 ,1448.845 ,1576.899 ,1618.679 ,1653.441 ,1.015 ,1.007 ,1.038 ,1.059 ,1.065 ,1.111 ,1.009 ,1.097 ,
1077.633 ,1126.387 ,1262.689 ,1299.947 ,1338.227 ,1448.845 ,1573.813 ,1619.902 ,1653.441 ,1.004 ,0.989 ,1.021 ,1.050 ,1.056 ,1.101 ,1.007 ,1.097 ,
1078.314 ,1126.387 ,1262.033 ,1297.993 ,1338.227 ,1448.845 ,1577.515 ,1617.455 ,1656.479 ,1.015 ,1.015 ,1.037 ,1.058 ,1.062 ,1.102 ,1.007 ,1.095 ,
1074.230 ,1124.365 ,1261.377 ,1298.645 ,1338.227 ,1449.477 ,1574.430 ,1619.902 ,1655.264 ,1.016 ,1.012 ,1.038 ,1.060 ,1.073 ,1.097 ,1.001 ,1.093 ,
1076.953 ,1125.039 ,1263.345 ,1297.993 ,1338.874 ,1448.845 ,1576.282 ,1618.067 ,1656.479 ,1.010 ,1.002 ,1.035 ,1.049 ,1.060 ,1.095 ,1.000 ,1.090 ,
1076.272 ,1125.039 ,1262.689 ,1297.993 ,1338.874 ,1448.845 ,1576.282 ,1619.291 ,1654.656 ,1.001 ,1.001 ,1.016 ,1.022 ,1.026 ,1.042 ,0.998 ,1.030 ,
1075.592 ,1125.039 ,1262.033 ,1297.993 ,1338.227 ,1448.212 ,1576.282 ,1619.902 ,1653.441 ,1.006 ,1.006 ,1.019 ,1.021 ,1.026 ,1.039 ,1.001 ,1.036 ,
1078.314 ,1125.039 ,1262.033 ,1299.947 ,1336.288 ,1449.477 ,1575.048 ,1619.902 ,1657.694 ,1.010 ,1.009 ,1.021 ,1.034 ,1.034 ,1.043 ,1.004 ,1.042 ,
1074.230 ,1125.039 ,1262.689 ,1299.947 ,1338.874 ,1448.845 ,1577.515 ,1617.455 ,1656.479 ,1.010 ,1.011 ,1.019 ,1.026 ,1.029 ,1.041 ,1.004 ,1.037 ,
1078.314 ,1123.691 ,1262.689 ,1296.038 ,1338.874 ,1450.109 ,1573.813 ,1618.067 ,1653.441 ,1.015 ,1.011 ,1.022 ,1.034 ,1.028 ,1.052 ,1.005 ,1.047 ,
1076.953 ,1125.039 ,1262.689 ,1299.947 ,1338.227 ,1449.477 ,1574.430 ,1618.679 ,1657.694 ,1.015 ,1.015 ,1.024 ,1.034 ,1.030 ,1.053 ,1.000 ,1.042 ,
1074.230 ,1123.691 ,1262.689 ,1297.993 ,1338.227 ,1449.477 ,1574.430 ,1618.067 ,1653.441 ,1.015 ,1.019 ,1.029 ,1.034 ,1.028 ,1.057 ,1.005 ,1.046 ,
1078.994 ,1124.365 ,1263.345 ,1297.993 ,1338.227 ,1450.109 ,1575.048 ,1617.455 ,1655.264 ,1.027 ,1.022 ,1.053 ,1.068 ,1.077 ,1.121 ,1.016 ,1.101 ,
1077.633 ,1125.713 ,1262.689 ,1298.645 ,1338.874 ,1450.109 ,1573.813 ,1616.231 ,1653.441 ,1.014 ,1.014 ,1.045 ,1.061 ,1.061 ,1.111 ,1.011 ,1.088 ,
1077.633 ,1125.713 ,1262.689 ,1297.993 ,1339.520 ,1448.845 ,1576.899 ,1618.679 ,1653.441 ,1.015 ,1.007 ,1.038 ,1.059 ,1.065 ,1.111 ,1.009 ,1.097 ,
1077.633 ,1126.387 ,1262.689 ,1299.947 ,1338.227 ,1448.845 ,1573.813 ,1619.902 ,1653.441 ,1.004 ,0.989 ,1.021 ,1.050 ,1.056 ,1.101 ,1.007 ,1.097 ,
1078.314 ,1126.387 ,1262.033 ,1297.993 ,1338.227 ,1448.845 ,1577.515 ,1617.455 ,1656.479 ,1.015 ,1.015 ,1.037 ,1.058 ,1.062 ,1.102 ,1.007 ,1.095 ,
1077.633 ,1125.713 ,1262.689 ,1297.993 ,1339.520 ,1448.845 ,1576.899 ,1618.679 ,1653.441 ,1.015 ,1.007 ,1.038 ,1.059 ,1.065 ,1.111 ,1.009 ,1.097 ,
1077.633 ,1125.039 ,1261.377 ,1299.947 ,1338.227 ,1449.477 ,1575.048 ,1619.902 ,1653.441 ,1.001 ,0.986 ,1.030 ,1.047 ,1.054 ,1.087 ,1.005 ,1.094 ,
1077.596 ,1123.911 ,1261.290 ,1299.040 ,1339.113 ,1448.293 ,1575.435 ,1616.565 ,1657.483 ,0.980 ,0.976 ,0.990 ,0.989 ,0.994 ,1.004 ,1.008 ,1.018 ,
1074.025 ,1125.407 ,1262.545 ,1297.725 ,1337.745 ,1449.251 ,1573.791 ,1619.699 ,1655.758 ,0.950 ,0.957 ,0.967 ,0.991 ,0.977 ,0.993 ,0.990 ,1.019 ,
1076.602 ,1125.407 ,1262.545 ,1297.725 ,1337.745 ,1449.251 ,1576.214 ,1617.289 ,1653.359 ,0.945 ,0.954 ,0.978 ,0.985 ,0.983 ,1.009 ,1.004 ,1.032 ,
1076.602 ,1122.846 ,1262.545 ,1297.725 ,1337.745 ,1449.251 ,1573.791 ,1619.699 ,1653.359 ,0.988 ,0.992 ,1.008 ,1.020 ,1.022 ,1.032 ,0.999 ,1.036 ,
1074.025 ,1125.407 ,1262.545 ,1297.725 ,1337.745 ,1449.251 ,1576.214 ,1617.289 ,1655.758 ,0.993 ,0.990 ,0.990 ,1.000 ,1.002 ,1.007 ,0.996 ,1.012 ,
1079.178 ,1125.407 ,1262.545 ,1297.725 ,1337.745 ,1449.251 ,1576.214 ,1617.289 ,1653.359 ,0.909 ,0.919 ,0.926 ,0.944 ,0.948 ,0.980 ,0.983 ,1.001 ,
1079.178 ,1125.407 ,1262.545 ,1297.725 ,1337.745 ,1449.251 ,1573.791 ,1617.289 ,1653.359 ,0.989 ,0.993 ,0.999 ,1.001 ,1.004 ,1.013 ,1.006 ,1.023 ,
1079.178 ,1122.846 ,1262.545 ,1297.725 ,1335.249 ,1449.251 ,1576.214 ,1619.699 ,1653.359 ,0.950 ,0.952 ,0.976 ,0.993 ,0.987 ,1.023 ,0.998 ,1.041 ,
1074.025 ,1125.407 ,1262.545 ,1297.725 ,1337.745 ,1449.251 ,1573.791 ,1619.699 ,1653.359 ,0.952 ,0.962 ,0.977 ,0.991 ,1.006 ,1.015 ,0.997 ,1.036 ,
1076.602 ,1125.407 ,1262.545 ,1297.725 ,1337.745 ,1449.251 ,1573.791 ,1617.289 ,1655.758 ,0.962 ,0.966 ,0.986 ,0.986 ,0.991 ,1.016 ,1.004 ,1.025 ,
1076.602 ,1125.407 ,1262.545 ,1297.725 ,1340.239 ,1449.251 ,1576.214 ,1619.699 ,1653.359 ,0.950 ,0.951 ,0.965 ,0.985 ,0.995 ,1.015 ,0.995 ,1.023 ,
1079.178 ,1122.846 ,1262.545 ,1297.725 ,1337.745 ,1449.251 ,1578.636 ,1622.108 ,1653.359 ,0.950 ,0.963 ,0.966 ,0.980 ,0.993 ,1.004 ,0.998 ,1.025 ,
1076.602 ,1125.407 ,1262.545 ,1297.725 ,1335.249 ,1449.251 ,1576.214 ,1619.699 ,1655.758 ,0.940 ,0.959 ,0.977 ,0.990 ,1.002 ,1.022 ,0.983 ,1.041 ,
1074.025 ,1122.846 ,1262.545 ,1297.725 ,1337.745 ,1449.251 ,1573.791 ,1619.699 ,1655.758 ,0.954 ,0.963 ,0.974 ,0.989 ,0.987 ,1.012 ,1.004 ,1.040 ,
1079.178 ,1122.846 ,1262.545 ,1297.725 ,1340.239 ,1449.251 ,1576.214 ,1617.289 ,1655.758 ,0.977 ,0.982 ,0.986 ,0.987 ,0.989 ,1.002 ,0.996 ,1.009 ,
1074.025 ,1125.407 ,1262.545 ,1297.725 ,1340.239 ,1449.251 ,1573.791 ,1619.699 ,1655.758 ,0.937 ,0.955 ,0.969 ,0.982 ,0.986 ,1.023 ,1.002 ,1.037 ,
1076.602 ,1125.407 ,1262.545 ,1297.725 ,1335.249 ,1449.251 ,1573.791 ,1619.699 ,1655.758 ,0.958 ,0.956 ,0.976 ,0.986 ,0.991 ,1.023 ,0.998 ,1.035 ,
1074.025 ,1122.846 ,1262.545 ,1297.725 ,1337.745 ,1451.712 ,1573.791 ,1619.699 ,1655.758 ,0.985 ,0.991 ,1.012 ,1.025 ,1.016 ,1.044 ,1.002 ,1.048 ,
1074.025 ,1122.846 ,1260.026 ,1297.725 ,1337.745 ,1449.251 ,1576.214 ,1619.699 ,1655.758 ,0.968 ,0.965 ,0.987 ,0.992 ,1.001 ,1.027 ,0.993 ,1.043 ,
1079.178 ,1122.846 ,1262.545 ,1297.725 ,1340.239 ,1449.251 ,1576.214 ,1622.108 ,1655.758 ,0.968 ,0.976 ,0.982 ,1.015 ,1.007 ,1.036 ,0.976 ,1.040 ,
1079.178 ,1122.846 ,1262.545 ,1299.040 ,1337.745 ,1449.251 ,1576.214 ,1617.289 ,1653.359 ,0.962 ,0.971 ,0.992 ,0.997 ,1.006 ,1.031 ,1.003 ,1.056 ,
1076.602 ,1125.407 ,1262.545 ,1299.040 ,1340.239 ,1451.712 ,1573.791 ,1617.289 ,1653.359 ,0.986 ,0.992 ,1.000 ,1.011 ,1.014 ,1.034 ,0.999 ,1.037 ,
1076.602 ,1122.846 ,1260.026 ,1299.040 ,1337.745 ,1449.251 ,1576.214 ,1622.108 ,1653.359 ,0.988 ,0.992 ,0.996 ,1.017 ,1.007 ,1.038 ,0.990 ,1.029 ,
1079.178 ,1125.407 ,1262.545 ,1297.725 ,1340.239 ,1449.251 ,1576.214 ,1619.699 ,1655.758 ,0.993 ,0.992 ,1.002 ,1.009 ,1.009 ,1.033 ,1.000 ,1.031 ,
1076.602 ,1122.846 ,1260.026 ,1297.725 ,1340.239 ,1449.251 ,1573.791 ,1617.289 ,1655.758 ,0.983 ,0.989 ,0.995 ,1.016 ,1.015 ,1.041 ,0.995 ,1.041 ,
1076.602 ,1125.407 ,1260.026 ,1297.725 ,1340.239 ,1449.251 ,1573.791 ,1617.289 ,1655.758 ,0.954 ,0.972 ,1.005 ,1.022 ,1.021 ,1.058 ,0.994 ,1.059 ,
1079.178 ,1122.846 ,1262.545 ,1297.725 ,1337.745 ,1449.251 ,1573.791 ,1619.699 ,1653.359 ,0.990 ,0.989 ,1.008 ,1.018 ,1.019 ,1.042 ,0.993 ,1.048 ,
1074.025 ,1122.846 ,1262.545 ,1297.725 ,1337.745 ,1449.251 ,1573.791 ,1617.289 ,1655.758 ,0.979 ,0.984 ,0.994 ,1.004 ,1.007 ,1.022 ,0.994 ,1.022 ,
1076.602 ,1122.846 ,1260.026 ,1297.725 ,1337.745 ,1449.251 ,1573.791 ,1622.108 ,1655.758 ,0.979 ,0.980 ,1.003 ,1.014 ,1.014 ,1.039 ,1.002 ,1.045 ,
1079.178 ,1125.407 ,1260.026 ,1297.725 ,1337.745 ,1451.712 ,1576.214 ,1619.699 ,1655.758 ,0.946 ,0.959 ,0.984 ,1.001 ,1.003 ,1.032 ,0.978 ,1.026 ,
1074.025 ,1125.407 ,1262.545 ,1297.725 ,1340.239 ,1449.251 ,1576.214 ,1619.699 ,1655.758 ,0.987 ,0.993 ,1.030 ,1.057 ,1.054 ,1.123 ,0.999 ,1.119 ,
1079.178 ,1125.407 ,1262.545 ,1297.725 ,1337.745 ,1449.251 ,1576.214 ,1619.699 ,1653.359 ,0.992 ,0.992 ,1.030 ,1.059 ,1.057 ,1.096 ,0.993 ,1.103 ,
1076.602 ,1125.407 ,1262.545 ,1297.725 ,1340.239 ,1449.251 ,1573.791 ,1619.699 ,1655.758 ,0.982 ,0.995 ,1.022 ,1.047 ,1.050 ,1.117 ,1.011 ,1.109 ,
1079.178 ,1123.911 ,1260.026 ,1297.725 ,1337.745 ,1449.251 ,1576.214 ,1619.699 ,1653.359 ,0.992 ,0.990 ,1.036 ,1.051 ,1.050 ,1.127 ,1.002 ,1.110 ,
1076.602 ,1123.911 ,1260.026 ,1297.725 ,1337.745 ,1449.251 ,1576.214 ,1619.699 ,1655.758 ,0.936 ,0.958 ,0.969 ,1.004 ,1.006 ,1.054 ,0.996 ,1.063 ,
1074.025 ,1123.911 ,1260.026 ,1299.040 ,1337.745 ,1449.251 ,1573.791 ,1617.289 ,1653.359 ,0.994 ,1.005 ,1.035 ,1.068 ,1.062 ,1.115 ,1.010 ,1.092 ,
1076.602 ,1123.911 ,1262.545 ,1299.040 ,1337.745 ,1451.712 ,1576.214 ,1617.289 ,1653.359 ,0.950 ,0.967 ,1.007 ,1.020 ,1.032 ,1.079 ,1.007 ,1.093 ,
1074.025 ,1123.911 ,1260.026 ,1299.040 ,1340.239 ,1449.251 ,1576.214 ,1619.699 ,1655.758 ,0.967 ,0.992 ,1.028 ,1.063 ,1.053 ,1.135 ,1.014 ,1.132 ,
1076.602 ,1123.911 ,1262.545 ,1299.040 ,1337.745 ,1449.251 ,1573.791 ,1619.699 ,1655.758 ,0.988 ,0.997 ,1.028 ,1.046 ,1.046 ,1.096 ,1.003 ,1.099 ,
1074.025 ,1123.911 ,1262.545 ,1297.725 ,1337.745 ,1449.251 ,1573.791 ,1617.289 ,1653.359 ,0.978 ,1.000 ,1.020 ,1.049 ,1.048 ,1.108 ,0.985 ,1.085 ,
1074.025 ,1123.911 ,1262.545 ,1299.040 ,1337.745 ,1449.251 ,1576.214 ,1619.699 ,1653.359 ,0.977 ,0.985 ,1.040 ,1.061 ,1.069 ,1.123 ,0.993 ,1.110 ,
1079.178 ,1123.911 ,1262.545 ,1299.040 ,1337.745 ,1449.251 ,1573.791 ,1619.699 ,1655.758 ,0.967 ,0.978 ,1.011 ,1.044 ,1.053 ,1.086 ,1.011 ,1.102 ,
1079.178 ,1123.911 ,1262.545 ,1299.040 ,1337.745 ,1449.251 ,1573.791 ,1619.699 ,1655.758 ,0.984 ,0.997 ,1.038 ,1.057 ,1.049 ,1.115 ,1.010 ,1.115 ,
1076.602 ,1123.911 ,1260.026 ,1299.040 ,1337.745 ,1449.251 ,1573.791 ,1617.289 ,1655.758 ,0.956 ,0.988 ,1.005 ,1.045 ,1.037 ,1.119 ,0.983 ,1.096 ,
1074.025 ,1123.911 ,1260.026 ,1299.040 ,1340.239 ,1449.251 ,1576.214 ,1617.289 ,1655.758 ,0.964 ,0.978 ,1.022 ,1.049 ,1.046 ,1.104 ,0.996 ,1.101 ,
1076.602 ,1123.911 ,1262.545 ,1299.040 ,1337.745 ,1449.251 ,1576.214 ,1617.289 ,1653.359 ,0.948 ,0.959 ,0.991 ,1.033 ,1.027 ,1.066 ,0.997 ,1.085 ,
1079.178 ,1123.911 ,1262.545 ,1299.040 ,1337.745 ,1449.251 ,1576.214 ,1617.289 ,1655.758 ,1.001 ,1.006 ,1.064 ,1.092 ,1.100 ,1.145 ,1.031 ,1.158 ,
1076.602 ,1125.407 ,1262.545 ,1299.040 ,1340.239 ,1449.251 ,1576.214 ,1619.699 ,1655.758 ,1.012 ,1.022 ,1.062 ,1.088 ,1.083 ,1.148 ,1.020 ,1.139 ,
1076.602 ,1122.846 ,1260.026 ,1299.040 ,1337.745 ,1451.712 ,1573.791 ,1619.699 ,1655.758 ,0.984 ,1.000 ,1.031 ,1.076 ,1.062 ,1.122 ,1.012 ,1.119 ,
1076.602 ,1122.846 ,1260.026 ,1299.040 ,1337.745 ,1451.712 ,1573.791 ,1619.699 ,1655.758 ,0.984 ,1.000 ,1.031 ,1.076 ,1.062 ,1.122 ,1.012 ,1.119 ,
1077.596 ,1123.911 ,1261.290 ,1299.040 ,1339.113 ,1448.293 ,1575.435 ,1616.565 ,1657.483 ,0.980 ,0.976 ,0.990 ,0.989 ,0.994 ,1.004 ,1.008 ,1.018 ,
1079.178 ,1125.407 ,1262.545 ,1297.725 ,1337.745 ,1449.251 ,1576.214 ,1617.289 ,1653.359 ,0.909 ,0.919 ,0.926 ,0.944 ,0.948 ,0.980 ,0.983 ,1.001 ,
1079.178 ,1122.846 ,1262.545 ,1297.725 ,1340.239 ,1449.251 ,1576.214 ,1617.289 ,1655.758 ,0.977 ,0.982 ,0.986 ,0.987 ,0.989 ,1.002 ,0.996 ,1.009 ,
1079.178 ,1125.407 ,1260.026 ,1297.725 ,1337.745 ,1451.712 ,1576.214 ,1619.699 ,1655.758 ,0.946 ,0.959 ,0.984 ,1.001 ,1.003 ,1.032 ,0.978 ,1.026 ,
1079.178 ,1123.911 ,1260.026 ,1297.725 ,1337.745 ,1449.251 ,1576.214 ,1619.699 ,1653.359 ,0.992 ,0.990 ,1.036 ,1.051 ,1.050 ,1.127 ,1.002 ,1.110 ,
1076.602 ,1123.911 ,1262.545 ,1299.040 ,1337.745 ,1451.712 ,1576.214 ,1617.289 ,1653.359 ,0.950 ,0.967 ,1.007 ,1.020 ,1.032 ,1.079 ,1.007 ,1.093 ,
1074.025 ,1123.911 ,1262.545 ,1297.725 ,1337.745 ,1449.251 ,1573.791 ,1617.289 ,1653.359 ,0.978 ,1.000 ,1.020 ,1.049 ,1.048 ,1.108 ,0.985 ,1.085 ,
1079.178 ,1123.911 ,1262.545 ,1299.040 ,1337.745 ,1449.251 ,1573.791 ,1619.699 ,1655.758 ,0.967 ,0.978 ,1.011 ,1.044 ,1.053 ,1.086 ,1.011 ,1.102 ,
1074.025 ,1123.911 ,1260.026 ,1299.040 ,1340.239 ,1449.251 ,1576.214 ,1617.289 ,1655.758 ,0.964 ,0.978 ,1.022 ,1.049 ,1.046 ,1.104 ,0.996 ,1.101 ,
1079.178 ,1123.911 ,1262.545 ,1299.040 ,1337.745 ,1449.251 ,1576.214 ,1617.289 ,1655.758 ,1.001 ,1.006 ,1.064 ,1.092 ,1.100 ,1.145 ,1.031 ,1.158 ,
1077.596 ,1123.911 ,1261.290 ,1299.040 ,1339.113 ,1448.293 ,1575.435 ,1616.565 ,1657.483 ,0.980 ,0.976 ,0.990 ,0.989 ,0.994 ,1.004 ,1.008 ,1.018 ,
1076.602 ,1122.846 ,1262.545 ,1297.725 ,1337.745 ,1449.251 ,1573.791 ,1619.699 ,1653.359 ,0.988 ,0.992 ,1.008 ,1.020 ,1.022 ,1.032 ,0.999 ,1.036 ,
1079.178 ,1125.407 ,1262.545 ,1297.725 ,1337.745 ,1449.251 ,1573.791 ,1617.289 ,1653.359 ,0.989 ,0.993 ,0.999 ,1.001 ,1.004 ,1.013 ,1.006 ,1.023 ,
1079.178 ,1122.846 ,1262.545 ,1297.725 ,1335.249 ,1449.251 ,1576.214 ,1619.699 ,1653.359 ,0.950 ,0.952 ,0.976 ,0.993 ,0.987 ,1.023 ,0.998 ,1.041 ,
1074.025 ,1125.407 ,1262.545 ,1297.725 ,1337.745 ,1449.251 ,1573.791 ,1619.699 ,1653.359 ,0.952 ,0.962 ,0.977 ,0.991 ,1.006 ,1.015 ,0.997 ,1.036 ,
1079.178 ,1122.846 ,1262.545 ,1297.725 ,1337.745 ,1449.251 ,1578.636 ,1622.108 ,1653.359 ,0.950 ,0.963 ,0.966 ,0.980 ,0.993 ,1.004 ,0.998 ,1.025 ,
1074.025 ,1122.846 ,1262.545 ,1297.725 ,1337.745 ,1449.251 ,1573.791 ,1619.699 ,1655.758 ,0.954 ,0.963 ,0.974 ,0.989 ,0.987 ,1.012 ,1.004 ,1.040 ,
1074.025 ,1125.407 ,1262.545 ,1297.725 ,1340.239 ,1449.251 ,1573.791 ,1619.699 ,1655.758 ,0.937 ,0.955 ,0.969 ,0.982 ,0.986 ,1.023 ,1.002 ,1.037 ,
1074.025 ,1122.846 ,1260.026 ,1297.725 ,1337.745 ,1449.251 ,1576.214 ,1619.699 ,1655.758 ,0.968 ,0.965 ,0.987 ,0.992 ,1.001 ,1.027 ,0.993 ,1.043 ,
1076.602 ,1122.846 ,1260.026 ,1299.040 ,1337.745 ,1449.251 ,1576.214 ,1622.108 ,1653.359 ,0.988 ,0.992 ,0.996 ,1.017 ,1.007 ,1.038 ,0.990 ,1.029 ,
1076.602 ,1122.846 ,1260.026 ,1297.725 ,1340.239 ,1449.251 ,1573.791 ,1617.289 ,1655.758 ,0.983 ,0.989 ,0.995 ,1.016 ,1.015 ,1.041 ,0.995 ,1.041 ,
1076.602 ,1125.407 ,1260.026 ,1297.725 ,1340.239 ,1449.251 ,1573.791 ,1617.289 ,1655.758 ,0.954 ,0.972 ,1.005 ,1.022 ,1.021 ,1.058 ,0.994 ,1.059 ,
1076.602 ,1122.846 ,1260.026 ,1297.725 ,1337.745 ,1449.251 ,1573.791 ,1622.108 ,1655.758 ,0.979 ,0.980 ,1.003 ,1.014 ,1.014 ,1.039 ,1.002 ,1.045 ,
1076.602 ,1125.407 ,1262.545 ,1297.725 ,1340.239 ,1449.251 ,1573.791 ,1619.699 ,1655.758 ,0.982 ,0.995 ,1.022 ,1.047 ,1.050 ,1.117 ,1.011 ,1.109 ,
1074.025 ,1123.911 ,1260.026 ,1299.040 ,1337.745 ,1449.251 ,1573.791 ,1617.289 ,1653.359 ,0.994 ,1.005 ,1.035 ,1.068 ,1.062 ,1.115 ,1.010 ,1.092 ,
1076.602 ,1123.911 ,1262.545 ,1299.040 ,1337.745 ,1451.712 ,1576.214 ,1617.289 ,1653.359 ,0.950 ,0.967 ,1.007 ,1.020 ,1.032 ,1.079 ,1.007 ,1.093 ,
1074.025 ,1123.911 ,1260.026 ,1299.040 ,1340.239 ,1449.251 ,1576.214 ,1619.699 ,1655.758 ,0.967 ,0.992 ,1.028 ,1.063 ,1.053 ,1.135 ,1.014 ,1.132 ,
1076.602 ,1123.911 ,1262.545 ,1299.040 ,1337.745 ,1449.251 ,1573.791 ,1619.699 ,1655.758 ,0.988 ,0.997 ,1.028 ,1.046 ,1.046 ,1.096 ,1.003 ,1.099 ,
1074.025 ,1123.911 ,1262.545 ,1297.725 ,1337.745 ,1449.251 ,1573.791 ,1617.289 ,1653.359 ,0.978 ,1.000 ,1.020 ,1.049 ,1.048 ,1.108 ,0.985 ,1.085 ,
1074.025 ,1123.911 ,1262.545 ,1299.040 ,1337.745 ,1449.251 ,1576.214 ,1619.699 ,1653.359 ,0.977 ,0.985 ,1.040 ,1.061 ,1.069 ,1.123 ,0.993 ,1.110 ,
1079.178 ,1123.911 ,1262.545 ,1299.040 ,1337.745 ,1449.251 ,1573.791 ,1619.699 ,1655.758 ,0.967 ,0.978 ,1.011 ,1.044 ,1.053 ,1.086 ,1.011 ,1.102 ,
1079.178 ,1123.911 ,1262.545 ,1299.040 ,1337.745 ,1449.251 ,1573.791 ,1619.699 ,1655.758 ,0.984 ,0.997 ,1.038 ,1.057 ,1.049 ,1.115 ,1.010 ,1.115 ,
1076.602 ,1123.911 ,1260.026 ,1299.040 ,1337.745 ,1449.251 ,1573.791 ,1617.289 ,1655.758 ,0.956 ,0.988 ,1.005 ,1.045 ,1.037 ,1.119 ,0.983 ,1.096 ,
1074.025 ,1123.911 ,1260.026 ,1299.040 ,1340.239 ,1449.251 ,1576.214 ,1617.289 ,1655.758 ,0.964 ,0.978 ,1.022 ,1.049 ,1.046 ,1.104 ,0.996 ,1.101 ,
1076.602 ,1123.911 ,1262.545 ,1299.040 ,1337.745 ,1449.251 ,1576.214 ,1617.289 ,1653.359 ,0.948 ,0.959 ,0.991 ,1.033 ,1.027 ,1.066 ,0.997 ,1.085 ,
1079.178 ,1123.911 ,1262.545 ,1299.040 ,1337.745 ,1449.251 ,1576.214 ,1617.289 ,1655.758 ,1.001 ,1.006 ,1.064 ,1.092 ,1.100 ,1.145 ,1.031 ,1.158 ,
1076.602 ,1125.407 ,1262.545 ,1299.040 ,1340.239 ,1449.251 ,1576.214 ,1619.699 ,1655.758 ,1.012 ,1.022 ,1.062 ,1.088 ,1.083 ,1.148 ,1.020 ,1.139 ,
1077.596 ,1123.911 ,1261.290 ,1299.040 ,1339.113 ,1448.293 ,1575.435 ,1616.565 ,1657.483 ,0.980 ,0.976 ,0.990 ,0.989 ,0.994 ,1.004 ,1.008 ,1.018 ,
1079.178 ,1123.911 ,1260.026 ,1297.725 ,1337.745 ,1449.251 ,1576.214 ,1619.699 ,1653.359 ,0.992 ,0.990 ,1.036 ,1.051 ,1.050 ,1.127 ,1.002 ,1.110 ,
1074.025 ,1123.911 ,1262.545 ,1297.725 ,1337.745 ,1449.251 ,1573.791 ,1617.289 ,1653.359 ,0.978 ,1.000 ,1.020 ,1.049 ,1.048 ,1.108 ,0.985 ,1.085 ,
